"Location","Station_Number","Depth","Time_Range","Population","Sample_Type","VP","abs_VP","VP_SE","VP_R_Squared","VP_Method"
"NJ2020",1,1,"T0_T17","c_Viruses","VP",-126756.348129483,-2154857.91820121,71180.8864441191,0.240763114159599,"LM_ALLPOINTS"
"NJ2020",1,1,"T0_T17","c_Viruses","VP",-126756.348129483,-2154857.9182012,1607.82529989659,0.248445094596036,"LM_SR_AVG"
"NJ2020",1,1,"T0_T17","c_Viruses","VP",-126756.348129482,-2154857.9182012,156719.56944282,0.246469770853587,"LM_AR"
"NJ2020",1,1,"T0_T17","c_Viruses","VP",-126756.348129482,-2154857.9182012,156719.56944282,0.246469770853587,"LM_AR_DIFF"
"NJ2020",1,1,"T0_T17","c_Viruses","VP",-126756.348129483,-2154857.9182012,156719.56944282,0.246469770853587,"LM_AR_DIFF_LMER"
"NJ2020",1,1,"T0_T17","c_Viruses","VP",144487.949861084,1803155.65031983,33536.3261675904,NA,"VPCL_SR_AVG"
"NJ2020",1,1,"T0_T17","c_Viruses","VP",160682.302771855,1767505.33049041,NA,NA,"VPCL_AR"
"NJ2020",1,1,"T0_T17","c_Viruses","VP",160682.302771855,1767505.33049041,35674.7629876747,NA,"VPCL_AR_SE"
"NJ2020",1,1,"T0_T17","c_Viruses","VP",160682.302771855,1767505.33049041,NA,NA,"VPCL_AR_DIFF"
"NJ2020",1,1,"T0_T17","c_Viruses","VP",160682.302771855,1767505.33049041,35674.7629876747,NA,"VPCL_AR_DIFF_SE"
"NJ2020",1,1,"T0_T17","c_Viruses","VP",160682.302771855,1767505.33049041,NA,NA,"VPCL_AR_DIFF_LMER"
"NJ2020",1,1,"T0_T17","c_Viruses","VP",160682.302771855,1767505.33049041,45534.8656860046,NA,"VPCL_AR_DIFF_LMER_SE"
"NJ2020",2,1,"T0_T6","c_Viruses","VP",-800817.341862117,-4804904.0511727,70946.2267235611,0.947921089297394,"LM_ALLPOINTS"
"NJ2020",2,1,"T0_T6","c_Viruses","VP",-800817.341862118,-4804904.05117271,104672.542963256,0.984355577373393,"LM_SR_AVG"
"NJ2020",2,1,"T0_T6","c_Viruses","VP",-800817.34186212,-4804904.05117272,36212.6234939449,0.997959362342533,"LM_AR"
"NJ2020",2,1,"T0_T6","c_Viruses","VP",-800817.34186212,-4804904.05117272,36212.6234939449,0.997959362342533,"LM_AR_DIFF"
"NJ2020",2,1,"T0_T6","c_Viruses","VP",-800817.341862125,-4804904.05117275,36212.6234939487,0.997959362342533,"LM_AR_DIFF_LMER"
"NJ2020",2,1,"T0_T6","c_Viruses","VP",0,0,0,NA,"VPCL_SR_AVG"
"NJ2020",2,1,"T0_T6","c_Viruses","VP",0,0,NA,NA,"VPCL_AR"
"NJ2020",2,1,"T0_T6","c_Viruses","VP",0,0,0,NA,"VPCL_AR_SE"
"NJ2020",2,1,"T0_T6","c_Viruses","VP",0,0,NA,NA,"VPCL_AR_DIFF"
"NJ2020",2,1,"T0_T6","c_Viruses","VP",0,0,0,NA,"VPCL_AR_DIFF_SE"
"NJ2020",2,1,"T0_T6","c_Viruses","VP",0,0,NA,NA,"VPCL_AR_DIFF_LMER"
"NJ2020",2,1,"T0_T6","c_Viruses","VP",0,0,0,NA,"VPCL_AR_DIFF_LMER_SE"
"NJ2020",3,1,"T0_T12","c_Viruses","VP",-419493.958777541,-5033927.50533049,111606.981905761,0.520783435766843,"LM_ALLPOINTS"
"NJ2020",3,1,"T0_T12","c_Viruses","VP",-419493.958777541,-5033927.50533049,104973.864281591,0.543642691542995,"LM_SR_AVG"
"NJ2020",3,1,"T0_T12","c_Viruses","VP",-419493.958777541,-5033927.5053305,161349.839964859,0.692607091139926,"LM_AR"
"NJ2020",3,1,"T0_T12","c_Viruses","VP",-419493.958777541,-5033927.5053305,161349.839964859,0.692607091139926,"LM_AR_DIFF"
"NJ2020",3,1,"T0_T12","c_Viruses","VP",-419493.95877754,-5033927.50533048,161349.83996486,0.692607091139923,"LM_AR_DIFF_LMER"
"NJ2020",3,1,"T0_T12","c_Viruses","VP",485145.700071072,2304136.46055437,77208.1364608944,NA,"VPCL_SR_AVG"
"NJ2020",3,1,"T0_T12","c_Viruses","VP",508713.574982235,1526140.7249467,NA,NA,"VPCL_AR"
"NJ2020",3,1,"T0_T12","c_Viruses","VP",0,0,0,NA,"VPCL_AR_SE"
"NJ2020",3,1,"T0_T12","c_Viruses","VP",508713.574982235,1526140.7249467,NA,NA,"VPCL_AR_DIFF"
"NJ2020",3,1,"T0_T12","c_Viruses","VP",0,0,0,NA,"VPCL_AR_DIFF_SE"
"NJ2020",3,1,"T0_T12","c_Viruses","VP",508713.574982241,1526140.72494672,NA,NA,"VPCL_AR_DIFF_LMER"
"NJ2020",3,1,"T0_T12","c_Viruses","VP",0,0,0,NA,"VPCL_AR_DIFF_LMER_SE"
"NJ2020",4,1,"T0_T3","c_Viruses","VP",422601.279317689,1267803.83795307,119623.784747974,0.757286611740612,"LM_ALLPOINTS"
"NJ2020",4,1,"T0_T3","c_Viruses","VP",422601.27931769,1267803.83795307,161317.514552121,1,"LM_SR_AVG"
"NJ2020",4,1,"T0_T3","c_Viruses","VP",422601.27931769,1267803.83795307,NA,1,"LM_AR"
"NJ2020",4,1,"T0_T3","c_Viruses","VP",422601.27931769,1267803.83795307,NA,1,"LM_AR_DIFF"
"NJ2020",4,1,"T0_T3","c_Viruses","VP",422601.279317691,1267803.83795307,NA,1,"LM_AR_DIFF_LMER"
"NJ2020",4,1,"T0_T3","c_Viruses","VP",422601.279317689,1267803.83795307,161317.514552121,NA,"VPCL_SR_AVG"
"NJ2020",4,1,"T0_T3","c_Viruses","VP",422601.279317689,1267803.83795307,NA,NA,"VPCL_AR"
"NJ2020",4,1,"T0_T3","c_Viruses","VP",422601.279317689,1267803.83795307,163556.6752466,NA,"VPCL_AR_SE"
"NJ2020",4,1,"T0_T3","c_Viruses","VP",422601.279317689,1267803.83795307,NA,NA,"VPCL_AR_DIFF"
"NJ2020",4,1,"T0_T3","c_Viruses","VP",422601.279317689,1267803.83795307,163556.6752466,NA,"VPCL_AR_DIFF_SE"
"NJ2020",4,1,"T0_T3","c_Viruses","VP",422601.279317691,1267803.83795307,NA,NA,"VPCL_AR_DIFF_LMER"
"NJ2020",4,1,"T0_T3","c_Viruses","VP",422601.279317691,1267803.83795307,315295.735152356,NA,"VPCL_AR_DIFF_LMER_SE"
"NJ2020",5,1,"T0_T24","c_Viruses","VP",32071.7839374549,769722.814498918,64386.4176952133,0.0152705491015212,"LM_ALLPOINTS"
"NJ2020",5,1,"T0_T24","c_Viruses","VP",32071.7839374546,769722.81449891,34549.9160382925,0.0394994130728947,"LM_SR_AVG"
"NJ2020",5,1,"T0_T24","c_Viruses","VP",32071.7839374546,769722.81449891,56243.9505874981,0.07517831892748,"LM_AR"
"NJ2020",5,1,"T0_T24","c_Viruses","VP",32071.7839374546,769722.81449891,56243.9505874981,0.07517831892748,"LM_AR_DIFF"
"NJ2020",5,1,"T0_T24","c_Viruses","VP",32071.7839374575,769722.814498979,56243.9505874984,0.0751783189274934,"LM_AR_DIFF_LMER"
"NJ2020",5,1,"T0_T24","c_Viruses","VP",817967.306325512,7016844.34968013,131188.126780012,NA,"VPCL_SR_AVG"
"NJ2020",5,1,"T0_T24","c_Viruses","VP",580348.258706464,4092324.0938166,NA,NA,"VPCL_AR"
"NJ2020",5,1,"T0_T24","c_Viruses","VP",957285.003553655,2871855.01066096,395343.456371699,NA,"VPCL_AR_SE"
"NJ2020",5,1,"T0_T24","c_Viruses","VP",580348.258706464,4092324.0938166,NA,NA,"VPCL_AR_DIFF"
"NJ2020",5,1,"T0_T24","c_Viruses","VP",957285.003553655,2871855.01066096,395343.456371699,NA,"VPCL_AR_DIFF_SE"
"NJ2020",5,1,"T0_T24","c_Viruses","VP",580348.258706473,4092324.09381673,NA,NA,"VPCL_AR_DIFF_LMER"
"NJ2020",5,1,"T0_T24","c_Viruses","VP",957285.003553651,2871855.01066095,686538.65079167,NA,"VPCL_AR_DIFF_LMER_SE"
"NJ2020",6,1,"T0_T24","c_Viruses","VP",-132043.354655295,-3169040.51172707,130879.447876542,0.0598115580401111,"LM_ALLPOINTS"
"NJ2020",6,1,"T0_T24","c_Viruses","VP",-132043.354655294,-3169040.51172706,44323.1933633989,0.29952129231166,"LM_SR_AVG"
"NJ2020",6,1,"T0_T24","c_Viruses","VP",-132043.354655295,-3169040.51172707,167217.195179767,0.134863888805183,"LM_AR"
"NJ2020",6,1,"T0_T24","c_Viruses","VP",-132043.354655295,-3169040.51172707,167217.195179767,0.134863888805183,"LM_AR_DIFF"
"NJ2020",6,1,"T0_T24","c_Viruses","VP",-132043.354655295,-3169040.51172708,167217.195179767,0.134863888805184,"LM_AR_DIFF_LMER"
"NJ2020",6,1,"T0_T24","c_Viruses","VP",387988.628287129,6668656.71641787,130457.975873225,NA,"VPCL_SR_AVG"
"NJ2020",6,1,"T0_T24","c_Viruses","VP",355522.388059702,5332835.82089553,NA,NA,"VPCL_AR"
"NJ2020",6,1,"T0_T24","c_Viruses","VP",0,0,0,NA,"VPCL_AR_SE"
"NJ2020",6,1,"T0_T24","c_Viruses","VP",355522.388059702,5332835.82089553,NA,NA,"VPCL_AR_DIFF"
"NJ2020",6,1,"T0_T24","c_Viruses","VP",0,0,0,NA,"VPCL_AR_DIFF_SE"
"NJ2020",6,1,"T0_T24","c_Viruses","VP",355522.388059702,5332835.82089552,NA,NA,"VPCL_AR_DIFF_LMER"
"NJ2020",6,1,"T0_T24","c_Viruses","VP",1662331.20113717,4986993.6034115,1394587.03163842,NA,"VPCL_AR_DIFF_LMER_SE"
"NJ2020",7,1,"T0_T12","c_Viruses","VP",-66612.6510305613,-799351.812366736,58873.3803004001,0.0896481662575966,"LM_ALLPOINTS"
"NJ2020",7,1,"T0_T12","c_Viruses","VP",-66612.6510305613,-799351.812366733,17325.8548701256,0.129839607239913,"LM_SR_AVG"
"NJ2020",7,1,"T0_T12","c_Viruses","VP",-66612.6510305613,-799351.812366736,76433.938083962,0.202026439794406,"LM_AR"
"NJ2020",7,1,"T0_T12","c_Viruses","VP",-66612.6510305613,-799351.812366736,76433.938083962,0.202026439794406,"LM_AR_DIFF"
"NJ2020",7,1,"T0_T12","c_Viruses","VP",-66612.6510305609,-799351.812366731,76433.9380839621,0.202026439794404,"LM_AR_DIFF_LMER"
"NJ2020",7,1,"T0_T12","c_Viruses","VP",387206.823027719,2143368.86993604,41536.6114326112,NA,"VPCL_SR_AVG"
"NJ2020",7,1,"T0_T12","c_Viruses","VP",286879.886282872,1721279.31769723,NA,NA,"VPCL_AR"
"NJ2020",7,1,"T0_T12","c_Viruses","VP",437555.081734187,1312665.24520256,102023.125163308,NA,"VPCL_AR_SE"
"NJ2020",7,1,"T0_T12","c_Viruses","VP",286879.886282872,1721279.31769723,NA,NA,"VPCL_AR_DIFF"
"NJ2020",7,1,"T0_T12","c_Viruses","VP",437555.081734187,1312665.24520256,102023.125163308,NA,"VPCL_AR_DIFF_SE"
"NJ2020",7,1,"T0_T12","c_Viruses","VP",286879.886282873,1721279.31769724,NA,NA,"VPCL_AR_DIFF_LMER"
"NJ2020",7,1,"T0_T12","c_Viruses","VP",437555.081734186,1312665.24520256,252750.796228872,NA,"VPCL_AR_DIFF_LMER_SE"
"NJ2020",1,1,"T0_T17","c_V1","VP",-88175.3267385171,-1498980.55455479,56245.880963417,0.197277714790678,"LM_ALLPOINTS"
"NJ2020",1,1,"T0_T17","c_V1","VP",-88175.3267385169,-1498980.55455479,1170.20560592338,0.208635493566481,"LM_SR_AVG"
"NJ2020",1,1,"T0_T17","c_V1","VP",-88175.326738517,-1498980.55455479,122953.836801027,0.204547523893506,"LM_AR"
"NJ2020",1,1,"T0_T17","c_V1","VP",-88175.326738517,-1498980.55455479,122953.836801027,0.204547523893506,"LM_AR_DIFF"
"NJ2020",1,1,"T0_T17","c_V1","VP",-88175.3267385168,-1498980.55455479,122953.836801027,0.204547523893506,"LM_AR_DIFF_LMER"
"NJ2020",1,1,"T0_T17","c_V1","VP",138492.9474818,1523422.4222998,19153.9604588151,NA,"VPCL_SR_AVG"
"NJ2020",1,1,"T0_T17","c_V1","VP",138492.9474818,1523422.4222998,NA,NA,"VPCL_AR"
"NJ2020",1,1,"T0_T17","c_V1","VP",138492.9474818,1523422.4222998,34206.7712678226,NA,"VPCL_AR_SE"
"NJ2020",1,1,"T0_T17","c_V1","VP",138492.9474818,1523422.4222998,NA,NA,"VPCL_AR_DIFF"
"NJ2020",1,1,"T0_T17","c_V1","VP",138492.9474818,1523422.4222998,34206.7712678226,NA,"VPCL_AR_DIFF_SE"
"NJ2020",1,1,"T0_T17","c_V1","VP",138492.9474818,1523422.4222998,NA,NA,"VPCL_AR_DIFF_LMER"
"NJ2020",1,1,"T0_T17","c_V1","VP",138492.9474818,1523422.4222998,38646.5273839195,NA,"VPCL_AR_DIFF_LMER_SE"
"NJ2020",2,1,"T0_T6","c_V1","VP",-575071.059149423,-3450426.35489654,70631.0550277283,0.90448973593249,"LM_ALLPOINTS"
"NJ2020",2,1,"T0_T6","c_V1","VP",-575071.059149424,-3450426.35489654,84557.3752941399,0.951832826582955,"LM_SR_AVG"
"NJ2020",2,1,"T0_T6","c_V1","VP",-575071.059149424,-3450426.35489655,84578.6320142912,0.978826912574283,"LM_AR"
"NJ2020",2,1,"T0_T6","c_V1","VP",-575071.059149424,-3450426.35489655,84578.6320142912,0.978826912574283,"LM_AR_DIFF"
"NJ2020",2,1,"T0_T6","c_V1","VP",-575071.059149419,-3450426.35489651,84578.6320142872,0.978826912574285,"LM_AR_DIFF_LMER"
"NJ2020",2,1,"T0_T6","c_V1","VP",0,0,0,NA,"VPCL_SR_AVG"
"NJ2020",2,1,"T0_T6","c_V1","VP",0,0,NA,NA,"VPCL_AR"
"NJ2020",2,1,"T0_T6","c_V1","VP",0,0,0,NA,"VPCL_AR_SE"
"NJ2020",2,1,"T0_T6","c_V1","VP",0,0,NA,NA,"VPCL_AR_DIFF"
"NJ2020",2,1,"T0_T6","c_V1","VP",0,0,0,NA,"VPCL_AR_DIFF_SE"
"NJ2020",2,1,"T0_T6","c_V1","VP",0,0,NA,NA,"VPCL_AR_DIFF_LMER"
"NJ2020",2,1,"T0_T6","c_V1","VP",0,0,0,NA,"VPCL_AR_DIFF_LMER_SE"
"NJ2020",3,1,"T0_T12","c_V1","VP",-316593.085959913,-3799117.03151896,112456.831185537,0.37875085420624,"LM_ALLPOINTS"
"NJ2020",3,1,"T0_T12","c_V1","VP",-316593.085959913,-3799117.03151895,92538.9822217369,0.396236253879468,"LM_SR_AVG"
"NJ2020",3,1,"T0_T12","c_V1","VP",-316593.085959913,-3799117.03151896,179291.162393932,0.509648839269729,"LM_AR"
"NJ2020",3,1,"T0_T12","c_V1","VP",-316593.085959913,-3799117.03151896,179291.162393932,0.509648839269729,"LM_AR_DIFF"
"NJ2020",3,1,"T0_T12","c_V1","VP",-316593.085959911,-3799117.03151893,179291.162393933,0.509648839269723,"LM_AR_DIFF_LMER"
"NJ2020",3,1,"T0_T12","c_V1","VP",603629.708216567,3069260.23970557,142427.959011049,NA,"VPCL_SR_AVG"
"NJ2020",3,1,"T0_T12","c_V1","VP",793254.694252811,2379764.08275843,NA,NA,"VPCL_AR"
"NJ2020",3,1,"T0_T12","c_V1","VP",793254.694252811,2379764.08275843,481593.723710366,NA,"VPCL_AR_SE"
"NJ2020",3,1,"T0_T12","c_V1","VP",793254.694252811,2379764.08275843,NA,NA,"VPCL_AR_DIFF"
"NJ2020",3,1,"T0_T12","c_V1","VP",793254.694252811,2379764.08275843,481593.723710366,NA,"VPCL_AR_DIFF_SE"
"NJ2020",3,1,"T0_T12","c_V1","VP",793254.694252823,2379764.08275847,NA,NA,"VPCL_AR_DIFF_LMER"
"NJ2020",3,1,"T0_T12","c_V1","VP",793254.694252823,2379764.08275847,508433.759081068,NA,"VPCL_AR_DIFF_LMER_SE"
"NJ2020",4,1,"T0_T3","c_V1","VP",494813.866653988,1484441.59996197,120135.8804415,0.809200269267525,"LM_ALLPOINTS"
"NJ2020",4,1,"T0_T3","c_V1","VP",494813.866653989,1484441.59996197,154270.400933808,1,"LM_SR_AVG"
"NJ2020",4,1,"T0_T3","c_V1","VP",494813.866653989,1484441.59996197,NA,1,"LM_AR"
"NJ2020",4,1,"T0_T3","c_V1","VP",494813.866653989,1484441.59996197,NA,1,"LM_AR_DIFF"
"NJ2020",4,1,"T0_T3","c_V1","VP",494813.866653989,1484441.59996197,NA,1,"LM_AR_DIFF_LMER"
"NJ2020",4,1,"T0_T3","c_V1","VP",494813.866653989,1484441.59996197,154270.400933808,NA,"VPCL_SR_AVG"
"NJ2020",4,1,"T0_T3","c_V1","VP",494813.866653989,1484441.59996197,NA,NA,"VPCL_AR"
"NJ2020",4,1,"T0_T3","c_V1","VP",494813.866653989,1484441.59996197,165821.913245805,NA,"VPCL_AR_SE"
"NJ2020",4,1,"T0_T3","c_V1","VP",494813.866653989,1484441.59996197,NA,NA,"VPCL_AR_DIFF"
"NJ2020",4,1,"T0_T3","c_V1","VP",494813.866653989,1484441.59996197,165821.913245805,NA,"VPCL_AR_DIFF_SE"
"NJ2020",4,1,"T0_T3","c_V1","VP",494813.866653988,1484441.59996196,NA,NA,"VPCL_AR_DIFF_LMER"
"NJ2020",4,1,"T0_T3","c_V1","VP",494813.866653988,1484441.59996196,343906.802527619,NA,"VPCL_AR_DIFF_LMER_SE"
"NJ2020",5,1,"T0_T24","c_V1","VP",44902.7127088842,1077665.10501322,64360.4982996608,0.0295237349352103,"LM_ALLPOINTS"
"NJ2020",5,1,"T0_T24","c_V1","VP",44902.7127088842,1077665.10501322,34508.7721034977,0.0508775319409677,"LM_SR_AVG"
"NJ2020",5,1,"T0_T24","c_V1","VP",44902.7127088843,1077665.10501322,60106.3307001133,0.122439562564495,"LM_AR"
"NJ2020",5,1,"T0_T24","c_V1","VP",44902.7127088843,1077665.10501322,60106.3307001133,0.122439562564495,"LM_AR_DIFF"
"NJ2020",5,1,"T0_T24","c_V1","VP",44902.7127088883,1077665.10501332,60106.3307001142,0.12243956256451,"LM_AR_DIFF_LMER"
"NJ2020",5,1,"T0_T24","c_V1","VP",807941.805002035,7047260.9970456,195278.901793586,NA,"VPCL_SR_AVG"
"NJ2020",5,1,"T0_T24","c_V1","VP",626277.437854614,4678288.71370303,NA,NA,"VPCL_AR"
"NJ2020",5,1,"T0_T24","c_V1","VP",945680.180184111,2837040.54055233,442398.979108407,NA,"VPCL_AR_SE"
"NJ2020",5,1,"T0_T24","c_V1","VP",626277.437854614,4678288.71370303,NA,NA,"VPCL_AR_DIFF"
"NJ2020",5,1,"T0_T24","c_V1","VP",945680.180184111,2837040.54055233,442398.979108407,NA,"VPCL_AR_DIFF_SE"
"NJ2020",5,1,"T0_T24","c_V1","VP",626277.437854627,4678288.71370319,NA,NA,"VPCL_AR_DIFF_LMER"
"NJ2020",5,1,"T0_T24","c_V1","VP",945680.18018411,2837040.54055233,670097.938357475,NA,"VPCL_AR_DIFF_LMER_SE"
"NJ2020",6,1,"T0_T24","c_V1","VP",-114426.934988747,-2746246.43972994,112856.13685788,0.0603728587253046,"LM_ALLPOINTS"
"NJ2020",6,1,"T0_T24","c_V1","VP",-114426.934988748,-2746246.43972994,36637.214903183,0.334272848241391,"LM_SR_AVG"
"NJ2020",6,1,"T0_T24","c_V1","VP",-114426.934988748,-2746246.43972995,138990.18899635,0.144893372356918,"LM_AR"
"NJ2020",6,1,"T0_T24","c_V1","VP",-114426.934988748,-2746246.43972995,138990.18899635,0.144893372356918,"LM_AR_DIFF"
"NJ2020",6,1,"T0_T24","c_V1","VP",-114426.934988747,-2746246.43972994,138990.188996351,0.144893372356917,"LM_AR_DIFF_LMER"
"NJ2020",6,1,"T0_T24","c_V1","VP",467555.743145173,5967840.2545377,86781.4923438988,NA,"VPCL_SR_AVG"
"NJ2020",6,1,"T0_T24","c_V1","VP",289653.195482241,4344797.93223361,NA,NA,"VPCL_AR"
"NJ2020",6,1,"T0_T24","c_V1","VP",0,0,0,NA,"VPCL_AR_SE"
"NJ2020",6,1,"T0_T24","c_V1","VP",289653.195482241,4344797.93223361,NA,NA,"VPCL_AR_DIFF"
"NJ2020",6,1,"T0_T24","c_V1","VP",0,0,0,NA,"VPCL_AR_DIFF_SE"
"NJ2020",6,1,"T0_T24","c_V1","VP",289653.195482241,4344797.93223362,NA,NA,"VPCL_AR_DIFF_LMER"
"NJ2020",6,1,"T0_T24","c_V1","VP",1425758.67914579,4277276.03743738,1201027.29874889,NA,"VPCL_AR_DIFF_LMER_SE"
"NJ2020",7,1,"T0_T12","c_V1","VP",-57568.5248168522,-690822.297802226,55304.3708048959,0.076937659523463,"LM_ALLPOINTS"
"NJ2020",7,1,"T0_T12","c_V1","VP",-57568.5248168521,-690822.297802227,17836.7722989013,0.109842216052498,"LM_SR_AVG"
"NJ2020",7,1,"T0_T12","c_V1","VP",-57568.5248168521,-690822.297802225,71656.032729375,0.177057027495261,"LM_AR"
"NJ2020",7,1,"T0_T12","c_V1","VP",-57568.5248168521,-690822.297802225,71656.032729375,0.177057027495261,"LM_AR_DIFF"
"NJ2020",7,1,"T0_T12","c_V1","VP",-57568.5248168519,-690822.297802223,71656.032729375,0.177057027495261,"LM_AR_DIFF_LMER"
"NJ2020",7,1,"T0_T12","c_V1","VP",368526.954078854,2028375.09846565,35620.070658671,NA,"VPCL_SR_AVG"
"NJ2020",7,1,"T0_T12","c_V1","VP",275676.590342429,1654059.54205457,NA,NA,"VPCL_AR"
"NJ2020",7,1,"T0_T12","c_V1","VP",423746.472388089,1271239.41716427,91357.7009551781,NA,"VPCL_AR_SE"
"NJ2020",7,1,"T0_T12","c_V1","VP",275676.590342429,1654059.54205457,NA,NA,"VPCL_AR_DIFF"
"NJ2020",7,1,"T0_T12","c_V1","VP",423746.472388089,1271239.41716427,91357.7009551781,NA,"VPCL_AR_DIFF_SE"
"NJ2020",7,1,"T0_T12","c_V1","VP",275676.59034243,1654059.54205458,NA,NA,"VPCL_AR_DIFF_LMER"
"NJ2020",7,1,"T0_T12","c_V1","VP",423746.472388089,1271239.41716427,239361.395500184,NA,"VPCL_AR_DIFF_LMER_SE"
"NJ2020",1,1,"T0_T17","c_V2","VP",-25154.0170786185,-427618.290336515,10041.5782698676,0.385559048818445,"LM_ALLPOINTS"
"NJ2020",1,1,"T0_T17","c_V2","VP",-25154.0170786185,-427618.290336515,1256.39930527377,0.399822339482066,"LM_SR_AVG"
"NJ2020",1,1,"T0_T17","c_V2","VP",-25154.0170786185,-427618.290336515,21797.2013025045,0.39970963105538,"LM_AR"
"NJ2020",1,1,"T0_T17","c_V2","VP",-25154.0170786185,-427618.290336515,21797.2013025045,0.39970963105538,"LM_AR_DIFF"
"NJ2020",1,1,"T0_T17","c_V2","VP",-25154.0170786186,-427618.290336516,21797.2013025045,0.399709631055381,"LM_AR_DIFF_LMER"
"NJ2020",1,1,"T0_T17","c_V2","VP",15882.7771416035,184468.304261558,4263.48974683675,NA,"VPCL_SR_AVG"
"NJ2020",1,1,"T0_T17","c_V2","VP",14335.7224100299,157692.946510328,NA,NA,"VPCL_AR"
"NJ2020",1,1,"T0_T17","c_V2","VP",14335.7224100299,157692.946510328,6158.11205813336,NA,"VPCL_AR_SE"
"NJ2020",1,1,"T0_T17","c_V2","VP",14335.7224100299,157692.946510328,NA,NA,"VPCL_AR_DIFF"
"NJ2020",1,1,"T0_T17","c_V2","VP",14335.7224100299,157692.946510328,6158.11205813336,NA,"VPCL_AR_DIFF_SE"
"NJ2020",1,1,"T0_T17","c_V2","VP",14335.7224100298,157692.946510328,NA,NA,"VPCL_AR_DIFF_LMER"
"NJ2020",1,1,"T0_T17","c_V2","VP",14335.7224100298,157692.946510328,8330.61420533519,NA,"VPCL_AR_DIFF_LMER_SE"
"NJ2020",2,1,"T0_T6","c_V2","VP",-203965.379208181,-1223792.27524909,21978.561168276,0.924829839888865,"LM_ALLPOINTS"
"NJ2020",2,1,"T0_T6","c_V2","VP",-203965.379208181,-1223792.27524909,19222.1163664174,0.947683197305002,"LM_SR_AVG"
"NJ2020",2,1,"T0_T6","c_V2","VP",-203965.379208181,-1223792.27524909,48002.9533438103,0.947517989301692,"LM_AR"
"NJ2020",2,1,"T0_T6","c_V2","VP",-203965.379208181,-1223792.27524909,48002.9533438103,0.947517989301692,"LM_AR_DIFF"
"NJ2020",2,1,"T0_T6","c_V2","VP",-203965.379208182,-1223792.27524909,48002.9533438097,0.947517989301693,"LM_AR_DIFF_LMER"
"NJ2020",2,1,"T0_T6","c_V2","VP",0,0,0,NA,"VPCL_SR_AVG"
"NJ2020",2,1,"T0_T6","c_V2","VP",0,0,NA,NA,"VPCL_AR"
"NJ2020",2,1,"T0_T6","c_V2","VP",0,0,0,NA,"VPCL_AR_SE"
"NJ2020",2,1,"T0_T6","c_V2","VP",0,0,NA,NA,"VPCL_AR_DIFF"
"NJ2020",2,1,"T0_T6","c_V2","VP",0,0,0,NA,"VPCL_AR_DIFF_SE"
"NJ2020",2,1,"T0_T6","c_V2","VP",0,0,NA,NA,"VPCL_AR_DIFF_LMER"
"NJ2020",2,1,"T0_T6","c_V2","VP",0,0,0,NA,"VPCL_AR_DIFF_LMER_SE"
"NJ2020",3,1,"T0_T12","c_V2","VP",-79485.3117859748,-953823.741431697,41596.2727884152,0.219287040031567,"LM_ALLPOINTS"
"NJ2020",3,1,"T0_T12","c_V2","VP",-79485.3117859748,-953823.741431695,64211.9269958118,0.471540276035324,"LM_SR_AVG"
"NJ2020",3,1,"T0_T12","c_V2","VP",-79485.3117859748,-953823.741431697,31047.5509563904,0.686001658978967,"LM_AR"
"NJ2020",3,1,"T0_T12","c_V2","VP",-79485.3117859748,-953823.741431697,31047.5509563904,0.686001658978967,"LM_AR_DIFF"
"NJ2020",3,1,"T0_T12","c_V2","VP",-79485.3117859744,-953823.741431692,31047.5509563901,0.686001658978968,"LM_AR_DIFF_LMER"
"NJ2020",3,1,"T0_T12","c_V2","VP",25639.9811029305,144324.825347533,13933.6858071511,NA,"VPCL_SR_AVG"
"NJ2020",3,1,"T0_T12","c_V2","VP",26552.1541246144,79656.4623738432,NA,NA,"VPCL_AR"
"NJ2020",3,1,"T0_T12","c_V2","VP",26552.1541246144,79656.4623738432,11978.9013001349,NA,"VPCL_AR_SE"
"NJ2020",3,1,"T0_T12","c_V2","VP",26552.1541246144,79656.4623738432,NA,NA,"VPCL_AR_DIFF"
"NJ2020",3,1,"T0_T12","c_V2","VP",26552.1541246144,79656.4623738432,11978.9013001349,NA,"VPCL_AR_DIFF_SE"
"NJ2020",3,1,"T0_T12","c_V2","VP",26552.1541246145,79656.4623738434,NA,NA,"VPCL_AR_DIFF_LMER"
"NJ2020",3,1,"T0_T12","c_V2","VP",0,0,0,NA,"VPCL_AR_DIFF_LMER_SE"
"NJ2020",4,1,"T0_T3","c_V2","VP",-44154.2308089456,-132462.692426837,28973.3218870127,0.36733477097371,"LM_ALLPOINTS"
"NJ2020",4,1,"T0_T3","c_V2","VP",-44154.2308089455,-132462.692426836,2864.49542040765,1,"LM_SR_AVG"
"NJ2020",4,1,"T0_T3","c_V2","VP",-44154.2308089453,-132462.692426836,NA,1,"LM_AR"
"NJ2020",4,1,"T0_T3","c_V2","VP",-44154.2308089453,-132462.692426836,NA,1,"LM_AR_DIFF"
"NJ2020",4,1,"T0_T3","c_V2","VP",-44154.2308089459,-132462.692426838,NA,1,"LM_AR_DIFF_LMER"
"NJ2020",4,1,"T0_T3","c_V2","VP",0,0,0,NA,"VPCL_SR_AVG"
"NJ2020",4,1,"T0_T3","c_V2","VP",0,0,NA,NA,"VPCL_AR"
"NJ2020",4,1,"T0_T3","c_V2","VP",0,0,0,NA,"VPCL_AR_SE"
"NJ2020",4,1,"T0_T3","c_V2","VP",0,0,NA,NA,"VPCL_AR_DIFF"
"NJ2020",4,1,"T0_T3","c_V2","VP",0,0,0,NA,"VPCL_AR_DIFF_SE"
"NJ2020",4,1,"T0_T3","c_V2","VP",0,0,NA,NA,"VPCL_AR_DIFF_LMER"
"NJ2020",4,1,"T0_T3","c_V2","VP",0,0,0,NA,"VPCL_AR_DIFF_LMER_SE"
"NJ2020",5,1,"T0_T24","c_V2","VP",-11702.1984511357,-280852.762827257,8236.48000597338,0.112028991077396,"LM_ALLPOINTS"
"NJ2020",5,1,"T0_T24","c_V2","VP",-11702.1984511357,-280852.762827256,4542.7636709851,0.159837585040113,"LM_SR_AVG"
"NJ2020",5,1,"T0_T24","c_V2","VP",-11702.1984511358,-280852.762827258,11083.766226522,0.217941310325943,"LM_AR"
"NJ2020",5,1,"T0_T24","c_V2","VP",-11702.1984511358,-280852.762827258,11083.766226522,0.217941310325943,"LM_AR_DIFF"
"NJ2020",5,1,"T0_T24","c_V2","VP",-11702.1984511358,-280852.762827258,11083.7662265219,0.217941310325947,"LM_AR_DIFF_LMER"
"NJ2020",5,1,"T0_T24","c_V2","VP",82722.0488075298,628050.260753339,24923.7636295135,NA,"VPCL_SR_AVG"
"NJ2020",5,1,"T0_T24","c_V2","VP",64046.4144434039,384278.486660424,NA,NA,"VPCL_AR"
"NJ2020",5,1,"T0_T24","c_V2","VP",106623.453750419,319870.361251256,75572.0759866933,NA,"VPCL_AR_SE"
"NJ2020",5,1,"T0_T24","c_V2","VP",64046.4144434039,384278.486660424,NA,NA,"VPCL_AR_DIFF"
"NJ2020",5,1,"T0_T24","c_V2","VP",106623.453750419,319870.361251256,75572.0759866933,NA,"VPCL_AR_DIFF_SE"
"NJ2020",5,1,"T0_T24","c_V2","VP",64046.4144434035,384278.486660421,NA,NA,"VPCL_AR_DIFF_LMER"
"NJ2020",5,1,"T0_T24","c_V2","VP",106623.453750418,319870.361251255,91900.0783479519,NA,"VPCL_AR_DIFF_LMER_SE"
"NJ2020",6,1,"T0_T24","c_V2","VP",-16601.7226672033,-398441.34401288,19664.449574489,0.0426475973290194,"LM_ALLPOINTS"
"NJ2020",6,1,"T0_T24","c_V2","VP",-16601.7226672034,-398441.344012881,13481.2692917191,0.160427710449218,"LM_SR_AVG"
"NJ2020",6,1,"T0_T24","c_V2","VP",-16601.7226672033,-398441.34401288,24284.3172676331,0.10461723814721,"LM_AR"
"NJ2020",6,1,"T0_T24","c_V2","VP",-16601.7226672033,-398441.34401288,24284.3172676331,0.10461723814721,"LM_AR_DIFF"
"NJ2020",6,1,"T0_T24","c_V2","VP",-16601.7226672034,-398441.344012881,24284.3172676331,0.104617238147211,"LM_AR_DIFF_LMER"
"NJ2020",6,1,"T0_T24","c_V2","VP",76693.1258079786,1201217.65723576,12115.7560875808,NA,"VPCL_SR_AVG"
"NJ2020",6,1,"T0_T24","c_V2","VP",54017.3799834522,810260.699751784,NA,NA,"VPCL_AR"
"NJ2020",6,1,"T0_T24","c_V2","VP",0,0,0,NA,"VPCL_AR_SE"
"NJ2020",6,1,"T0_T24","c_V2","VP",54017.3799834522,810260.699751784,NA,NA,"VPCL_AR_DIFF"
"NJ2020",6,1,"T0_T24","c_V2","VP",0,0,0,NA,"VPCL_AR_DIFF_SE"
"NJ2020",6,1,"T0_T24","c_V2","VP",54017.3799834522,810260.699751783,NA,NA,"VPCL_AR_DIFF_LMER"
"NJ2020",6,1,"T0_T24","c_V2","VP",0,0,0,NA,"VPCL_AR_DIFF_LMER_SE"
"NJ2020",7,1,"T0_T12","c_V2","VP",-6760.68467305081,-81128.2160766097,3725.80373177327,0.202092653187688,"LM_ALLPOINTS"
"NJ2020",7,1,"T0_T12","c_V2","VP",-6760.6846730508,-81128.2160766096,268.887139199483,0.334130576685366,"LM_SR_AVG"
"NJ2020",7,1,"T0_T12","c_V2","VP",-6760.6846730508,-81128.2160766096,4773.446407269,0.400711578257634,"LM_AR"
"NJ2020",7,1,"T0_T12","c_V2","VP",-6760.6846730508,-81128.2160766096,4773.446407269,0.400711578257634,"LM_AR_DIFF"
"NJ2020",7,1,"T0_T12","c_V2","VP",-6760.68467305107,-81128.2160766128,4773.44640726893,0.400711578257659,"LM_AR_DIFF_LMER"
"NJ2020",7,1,"T0_T12","c_V2","VP",15242.9511881094,116754.775665517,848.964860514785,NA,"VPCL_SR_AVG"
"NJ2020",7,1,"T0_T12","c_V2","VP",10290.35964781,76056.2066466343,NA,NA,"VPCL_AR"
"NJ2020",7,1,"T0_T12","c_V2","VP",15809.3697090286,47428.1091270857,11820.0149634251,NA,"VPCL_AR_SE"
"NJ2020",7,1,"T0_T12","c_V2","VP",10290.35964781,76056.2066466343,NA,NA,"VPCL_AR_DIFF"
"NJ2020",7,1,"T0_T12","c_V2","VP",15809.3697090286,47428.1091270857,11820.0149634251,NA,"VPCL_AR_DIFF_SE"
"NJ2020",7,1,"T0_T12","c_V2","VP",10290.3596478097,76056.2066466306,NA,NA,"VPCL_AR_DIFF_LMER"
"NJ2020",7,1,"T0_T12","c_V2","VP",0,0,0,NA,"VPCL_AR_DIFF_LMER_SE"
"NJ2020",1,1,"T0_T17","c_V3","VP",-13427.004312347,-228259.073309899,5840.57595602081,0.345764816981185,"LM_ALLPOINTS"
"NJ2020",1,1,"T0_T17","c_V3","VP",-13427.004312347,-228259.073309899,2133.71638732292,0.359013737692932,"LM_SR_AVG"
"NJ2020",1,1,"T0_T17","c_V3","VP",-13427.004312347,-228259.073309899,12441.1486920527,0.368041000535871,"LM_AR"
"NJ2020",1,1,"T0_T17","c_V3","VP",-13427.004312347,-228259.073309899,12441.1486920527,0.368041000535871,"LM_AR_DIFF"
"NJ2020",1,1,"T0_T17","c_V3","VP",-13427.0043123469,-228259.073309898,12441.1486920527,0.36804100053587,"LM_AR_DIFF_LMER"
"NJ2020",1,1,"T0_T17","c_V3","VP",13581.1866348955,134867.539885366,2103.88424704634,NA,"VPCL_SR_AVG"
"NJ2020",1,1,"T0_T17","c_V3","VP",11439.5419103896,131466.314502536,NA,NA,"VPCL_AR"
"NJ2020",1,1,"T0_T17","c_V3","VP",7853.63288002475,86389.9616802723,3562.20454386817,NA,"VPCL_AR_SE"
"NJ2020",1,1,"T0_T17","c_V3","VP",11439.5419103896,131466.314502536,NA,NA,"VPCL_AR_DIFF"
"NJ2020",1,1,"T0_T17","c_V3","VP",7853.63288002475,86389.9616802723,3562.20454386817,NA,"VPCL_AR_DIFF_SE"
"NJ2020",1,1,"T0_T17","c_V3","VP",11439.5419103898,131466.314502537,NA,NA,"VPCL_AR_DIFF_LMER"
"NJ2020",1,1,"T0_T17","c_V3","VP",7853.63288002476,86389.9616802724,5706.34104565002,NA,"VPCL_AR_DIFF_LMER_SE"
"NJ2020",2,1,"T0_T6","c_V3","VP",-21780.9035045162,-130685.421027097,4102.6657103315,0.801052127418135,"LM_ALLPOINTS"
"NJ2020",2,1,"T0_T6","c_V3","VP",-21780.9035045163,-130685.421027097,5896.87361082034,0.990232370199772,"LM_SR_AVG"
"NJ2020",2,1,"T0_T6","c_V3","VP",-21780.9035045163,-130685.421027098,363.055176533529,0.999722237995516,"LM_AR"
"NJ2020",2,1,"T0_T6","c_V3","VP",-21780.9035045163,-130685.421027098,363.055176533529,0.999722237995516,"LM_AR_DIFF"
"NJ2020",2,1,"T0_T6","c_V3","VP",-21780.9035045164,-130685.421027098,363.055176533504,0.999722237995516,"LM_AR_DIFF_LMER"
"NJ2020",2,1,"T0_T6","c_V3","VP",0,0,0,NA,"VPCL_SR_AVG"
"NJ2020",2,1,"T0_T6","c_V3","VP",0,0,NA,NA,"VPCL_AR"
"NJ2020",2,1,"T0_T6","c_V3","VP",0,0,0,NA,"VPCL_AR_SE"
"NJ2020",2,1,"T0_T6","c_V3","VP",0,0,NA,NA,"VPCL_AR_DIFF"
"NJ2020",2,1,"T0_T6","c_V3","VP",0,0,0,NA,"VPCL_AR_DIFF_SE"
"NJ2020",2,1,"T0_T6","c_V3","VP",0,0,NA,NA,"VPCL_AR_DIFF_LMER"
"NJ2020",2,1,"T0_T6","c_V3","VP",0,0,0,NA,"VPCL_AR_DIFF_LMER_SE"
"NJ2020",3,1,"T0_T12","c_V3","VP",-23415.5610316543,-280986.732379852,9012.37056319043,0.341786284126595,"LM_ALLPOINTS"
"NJ2020",3,1,"T0_T12","c_V3","VP",-23415.5610316543,-280986.732379852,13071.8940066345,0.413562916134434,"LM_SR_AVG"
"NJ2020",3,1,"T0_T12","c_V3","VP",-23415.5610316543,-280986.732379852,7242.92557539179,0.7769775291105,"LM_AR"
"NJ2020",3,1,"T0_T12","c_V3","VP",-23415.5610316543,-280986.732379852,7242.92557539179,0.7769775291105,"LM_AR_DIFF"
"NJ2020",3,1,"T0_T12","c_V3","VP",-23415.5610316546,-280986.732379855,7242.92557539174,0.776977529110507,"LM_AR_DIFF_LMER"
"NJ2020",3,1,"T0_T12","c_V3","VP",37347.1085791778,224082.651475067,19701.2607113383,NA,"VPCL_SR_AVG"
"NJ2020",3,1,"T0_T12","c_V3","VP",24316.1657347193,72948.497204158,NA,NA,"VPCL_AR"
"NJ2020",3,1,"T0_T12","c_V3","VP",0,0,0,NA,"VPCL_AR_SE"
"NJ2020",3,1,"T0_T12","c_V3","VP",24316.1657347193,72948.497204158,NA,NA,"VPCL_AR_DIFF"
"NJ2020",3,1,"T0_T12","c_V3","VP",0,0,0,NA,"VPCL_AR_DIFF_SE"
"NJ2020",3,1,"T0_T12","c_V3","VP",24316.1657347193,72948.497204158,NA,NA,"VPCL_AR_DIFF_LMER"
"NJ2020",3,1,"T0_T12","c_V3","VP",0,0,0,NA,"VPCL_AR_DIFF_LMER_SE"
"NJ2020",4,1,"T0_T3","c_V3","VP",-28058.3565273361,-84175.0695820084,7305.88802828155,0.786661416925691,"LM_ALLPOINTS"
"NJ2020",4,1,"T0_T3","c_V3","VP",-28058.356527336,-84175.0695820081,5368.17893609788,1,"LM_SR_AVG"
"NJ2020",4,1,"T0_T3","c_V3","VP",-28058.356527336,-84175.0695820081,NA,1,"LM_AR"
"NJ2020",4,1,"T0_T3","c_V3","VP",-28058.356527336,-84175.0695820081,NA,1,"LM_AR_DIFF"
"NJ2020",4,1,"T0_T3","c_V3","VP",-28058.3565273363,-84175.0695820088,NA,1,"LM_AR_DIFF_LMER"
"NJ2020",4,1,"T0_T3","c_V3","VP",0,0,0,NA,"VPCL_SR_AVG"
"NJ2020",4,1,"T0_T3","c_V3","VP",0,0,NA,NA,"VPCL_AR"
"NJ2020",4,1,"T0_T3","c_V3","VP",0,0,0,NA,"VPCL_AR_SE"
"NJ2020",4,1,"T0_T3","c_V3","VP",0,0,NA,NA,"VPCL_AR_DIFF"
"NJ2020",4,1,"T0_T3","c_V3","VP",0,0,0,NA,"VPCL_AR_DIFF_SE"
"NJ2020",4,1,"T0_T3","c_V3","VP",0,0,NA,NA,"VPCL_AR_DIFF_LMER"
"NJ2020",4,1,"T0_T3","c_V3","VP",0,0,0,NA,"VPCL_AR_DIFF_LMER_SE"
"NJ2020",5,1,"T0_T24","c_V3","VP",-1128.73032029405,-27089.5276870573,1118.95087633234,0.0597944879942892,"LM_ALLPOINTS"
"NJ2020",5,1,"T0_T24","c_V3","VP",-1128.73032029406,-27089.5276870574,1234.75479234576,0.169306737230839,"LM_SR_AVG"
"NJ2020",5,1,"T0_T24","c_V3","VP",-1128.73032029405,-27089.5276870573,1021.43339869041,0.233881649362705,"LM_AR"
"NJ2020",5,1,"T0_T24","c_V3","VP",-1128.73032029405,-27089.5276870573,1021.43339869041,0.233881649362705,"LM_AR_DIFF"
"NJ2020",5,1,"T0_T24","c_V3","VP",-1128.73032029411,-27089.5276870586,1021.43339869041,0.233881649362719,"LM_AR_DIFF_LMER"
"NJ2020",5,1,"T0_T24","c_V3","VP",12807.4655974428,100354.81325896,933.336905869531,NA,"VPCL_SR_AVG"
"NJ2020",5,1,"T0_T24","c_V3","VP",5972.32516663349,54999.1584015822,NA,NA,"VPCL_AR"
"NJ2020",5,1,"T0_T24","c_V3","VP",13524.5764872811,40573.7294618433,7814.06010814707,NA,"VPCL_AR_SE"
"NJ2020",5,1,"T0_T24","c_V3","VP",5972.32516663349,54999.1584015822,NA,NA,"VPCL_AR_DIFF"
"NJ2020",5,1,"T0_T24","c_V3","VP",13524.5764872811,40573.7294618433,7814.06010814707,NA,"VPCL_AR_DIFF_SE"
"NJ2020",5,1,"T0_T24","c_V3","VP",5972.32516663329,54999.1584015802,NA,NA,"VPCL_AR_DIFF_LMER"
"NJ2020",5,1,"T0_T24","c_V3","VP",0,0,0,NA,"VPCL_AR_DIFF_LMER_SE"
"NJ2020",6,1,"T0_T24","c_V3","VP",-1014.696999344,-24352.727984256,4074.05852083047,0.00386204855763713,"LM_ALLPOINTS"
"NJ2020",6,1,"T0_T24","c_V3","VP",-1014.696999344,-24352.7279842563,2755.41419465515,0.242931971505627,"LM_SR_AVG"
"NJ2020",6,1,"T0_T24","c_V3","VP",-1014.696999344,-24352.7279842559,4367.67402382367,0.0133134778793836,"LM_AR"
"NJ2020",6,1,"T0_T24","c_V3","VP",-1014.696999344,-24352.7279842559,4367.67402382367,0.0133134778793836,"LM_AR_DIFF"
"NJ2020",6,1,"T0_T24","c_V3","VP",-1014.69699934402,-24352.7279842565,4367.67402382368,0.0133134778793839,"LM_AR_DIFF_LMER"
"NJ2020",6,1,"T0_T24","c_V3","VP",25080.2181037051,310033.368424909,9168.56731321392,NA,"VPCL_SR_AVG"
"NJ2020",6,1,"T0_T24","c_V3","VP",11851.8125940091,177777.188910136,NA,NA,"VPCL_AR"
"NJ2020",6,1,"T0_T24","c_V3","VP",0,0,0,NA,"VPCL_AR_SE"
"NJ2020",6,1,"T0_T24","c_V3","VP",11851.8125940091,177777.188910136,NA,NA,"VPCL_AR_DIFF"
"NJ2020",6,1,"T0_T24","c_V3","VP",0,0,0,NA,"VPCL_AR_DIFF_SE"
"NJ2020",6,1,"T0_T24","c_V3","VP",11851.8125940091,177777.188910136,NA,NA,"VPCL_AR_DIFF_LMER"
"NJ2020",6,1,"T0_T24","c_V3","VP",42417.2523518144,127251.757055443,41652.6572757998,NA,"VPCL_AR_DIFF_LMER_SE"
"NJ2020",7,1,"T0_T12","c_V3","VP",-2283.44154065858,-27401.2984879029,1001.96311897737,0.285466695099608,"LM_ALLPOINTS"
"NJ2020",7,1,"T0_T12","c_V3","VP",-2283.44154065858,-27401.2984879029,900.088063456904,0.48412382989753,"LM_SR_AVG"
"NJ2020",7,1,"T0_T12","c_V3","VP",-2283.44154065858,-27401.2984879029,1315.58730339867,0.501047210338303,"LM_AR"
"NJ2020",7,1,"T0_T12","c_V3","VP",-2283.44154065858,-27401.2984879029,1315.58730339867,0.501047210338303,"LM_AR_DIFF"
"NJ2020",7,1,"T0_T12","c_V3","VP",-2283.44154065858,-27401.2984879029,1315.58730339867,0.501047210338303,"LM_AR_DIFF_LMER"
"NJ2020",7,1,"T0_T12","c_V3","VP",3769.32363386628,22615.9418031977,2382.66200079519,NA,"VPCL_SR_AVG"
"NJ2020",7,1,"T0_T12","c_V3","VP",2181.58140797727,13089.4884478636,NA,NA,"VPCL_AR"
"NJ2020",7,1,"T0_T12","c_V3","VP",3429.54616749066,10288.638502472,2819.23344646492,NA,"VPCL_AR_SE"
"NJ2020",7,1,"T0_T12","c_V3","VP",2181.58140797727,13089.4884478636,NA,NA,"VPCL_AR_DIFF"
"NJ2020",7,1,"T0_T12","c_V3","VP",3429.54616749066,10288.638502472,2819.23344646492,NA,"VPCL_AR_DIFF_SE"
"NJ2020",7,1,"T0_T12","c_V3","VP",2181.58140797727,13089.4884478636,NA,NA,"VPCL_AR_DIFF_LMER"
"NJ2020",7,1,"T0_T12","c_V3","VP",0,0,0,NA,"VPCL_AR_DIFF_LMER_SE"
"NJ2020",1,1,"T0_T17","c_Viruses","VPC",58840.8606319056,1000294.63074239,23319.3641900837,0.389008883060505,"LM_ALLPOINTS"
"NJ2020",1,1,"T0_T17","c_Viruses","VPC",58840.8606319055,1000294.63074239,14262.4777152926,0.701913617781021,"LM_SR_AVG"
"NJ2020",1,1,"T0_T17","c_Viruses","VPC",58840.8606319056,1000294.6307424,21225.2546897377,0.793498242314871,"LM_AR"
"NJ2020",1,1,"T0_T17","c_Viruses","VPC",58840.8606319056,1000294.6307424,21225.2546897377,0.793498242314871,"LM_AR_DIFF"
"NJ2020",1,1,"T0_T17","c_Viruses","VPC",58840.8606319057,1000294.6307424,21225.2546897377,0.793498242314872,"LM_AR_DIFF_LMER"
"NJ2020",1,1,"T0_T17","c_Viruses","VPC",264597.790269433,1226609.80810235,187915.290533283,NA,"VPCL_SR_AVG"
"NJ2020",1,1,"T0_T17","c_Viruses","VPC",73000.3045994518,1022004.26439233,NA,NA,"VPCL_AR"
"NJ2020",1,1,"T0_T17","c_Viruses","VPC",238038.379530917,714115.13859275,211382.01311902,NA,"VPCL_AR_SE"
"NJ2020",1,1,"T0_T17","c_Viruses","VPC",73000.3045994518,1022004.26439233,NA,NA,"VPCL_AR_DIFF"
"NJ2020",1,1,"T0_T17","c_Viruses","VPC",238038.379530917,714115.13859275,211382.01311902,NA,"VPCL_AR_DIFF_SE"
"NJ2020",1,1,"T0_T17","c_Viruses","VPC",73000.3045994519,1022004.26439233,NA,NA,"VPCL_AR_DIFF_LMER"
"NJ2020",1,1,"T0_T17","c_Viruses","VPC",238038.379530916,714115.138592749,166961.174182017,NA,"VPCL_AR_DIFF_LMER_SE"
"NJ2020",2,1,"T0_T6","c_Viruses","VPC",945309.1684435,5671855.010661,784463.592669298,0.171805301550412,"LM_ALLPOINTS"
"NJ2020",2,1,"T0_T6","c_Viruses","VPC",945309.168443498,5671855.01066099,835018.2168984,0.621438950807527,"LM_SR_AVG"
"NJ2020",2,1,"T0_T6","c_Viruses","VPC",945309.168443496,5671855.01066098,717461.32065715,0.634503476176679,"LM_AR"
"NJ2020",2,1,"T0_T6","c_Viruses","VPC",945309.168443496,5671855.01066098,717461.32065715,0.634503476176679,"LM_AR_DIFF"
"NJ2020",2,1,"T0_T6","c_Viruses","VPC",945309.168443503,5671855.01066102,717461.320657147,0.634503476176684,"LM_AR_DIFF_LMER"
"NJ2020",2,1,"T0_T6","c_Viruses","VPC",2241506.75195452,6724520.25586357,1864443.36187902,NA,"VPCL_SR_AVG"
"NJ2020",2,1,"T0_T6","c_Viruses","VPC",2187988.62828715,6563965.88486144,NA,NA,"VPCL_AR"
"NJ2020",2,1,"T0_T6","c_Viruses","VPC",2187988.62828715,6563965.88486144,1963653.98432813,NA,"VPCL_AR_SE"
"NJ2020",2,1,"T0_T6","c_Viruses","VPC",2187988.62828715,6563965.88486144,NA,NA,"VPCL_AR_DIFF"
"NJ2020",2,1,"T0_T6","c_Viruses","VPC",2187988.62828715,6563965.88486144,1963653.98432813,NA,"VPCL_AR_DIFF_SE"
"NJ2020",2,1,"T0_T6","c_Viruses","VPC",2187988.62828715,6563965.88486144,NA,NA,"VPCL_AR_DIFF_LMER"
"NJ2020",2,1,"T0_T6","c_Viruses","VPC",2187988.62828715,6563965.88486144,1597258.76857856,NA,"VPCL_AR_DIFF_LMER_SE"
"NJ2020",3,1,"T0_T12","c_Viruses","VPC",-465904.761904762,-5590857.14285714,107682.900812532,0.590161128430897,"LM_ALLPOINTS"
"NJ2020",3,1,"T0_T12","c_Viruses","VPC",-465904.761904761,-5590857.14285713,72827.3677424707,0.659050501535257,"LM_SR_AVG"
"NJ2020",3,1,"T0_T12","c_Viruses","VPC",-465904.761904761,-5590857.14285713,166253.505157378,0.723586600207043,"LM_AR"
"NJ2020",3,1,"T0_T12","c_Viruses","VPC",-465904.761904761,-5590857.14285713,166253.505157378,0.723586600207043,"LM_AR_DIFF"
"NJ2020",3,1,"T0_T12","c_Viruses","VPC",-465904.761904762,-5590857.14285714,166253.505157377,0.723586600207044,"LM_AR_DIFF_LMER"
"NJ2020",3,1,"T0_T12","c_Viruses","VPC",277611.940298494,1070703.62473343,111009.605143351,NA,"VPCL_SR_AVG"
"NJ2020",3,1,"T0_T12","c_Viruses","VPC",105842.217484006,635053.304904034,NA,NA,"VPCL_AR"
"NJ2020",3,1,"T0_T12","c_Viruses","VPC",0,0,0,NA,"VPCL_AR_SE"
"NJ2020",3,1,"T0_T12","c_Viruses","VPC",105842.217484006,635053.304904034,NA,NA,"VPCL_AR_DIFF"
"NJ2020",3,1,"T0_T12","c_Viruses","VPC",0,0,0,NA,"VPCL_AR_DIFF_SE"
"NJ2020",3,1,"T0_T12","c_Viruses","VPC",105842.217484005,635053.304904029,NA,NA,"VPCL_AR_DIFF_LMER"
"NJ2020",3,1,"T0_T12","c_Viruses","VPC",0,0,0,NA,"VPCL_AR_DIFF_LMER_SE"
"NJ2020",4,1,"T0_T3","c_Viruses","VPC",-206538.734896946,-619616.204690839,291721.666361744,0.111360523674956,"LM_ALLPOINTS"
"NJ2020",4,1,"T0_T3","c_Viruses","VPC",-206538.734896943,-619616.204690828,176829.963640601,1,"LM_SR_AVG"
"NJ2020",4,1,"T0_T3","c_Viruses","VPC",-206538.734896943,-619616.20469083,NA,1,"LM_AR"
"NJ2020",4,1,"T0_T3","c_Viruses","VPC",-206538.734896943,-619616.20469083,NA,1,"LM_AR_DIFF"
"NJ2020",4,1,"T0_T3","c_Viruses","VPC",-206538.734896943,-619616.20469083,NA,1,"LM_AR_DIFF_LMER"
"NJ2020",4,1,"T0_T3","c_Viruses","VPC",34683.7242359667,104051.1727079,34683.7242359667,NA,"VPCL_SR_AVG"
"NJ2020",4,1,"T0_T3","c_Viruses","VPC",0,0,NA,NA,"VPCL_AR"
"NJ2020",4,1,"T0_T3","c_Viruses","VPC",0,0,0,NA,"VPCL_AR_SE"
"NJ2020",4,1,"T0_T3","c_Viruses","VPC",0,0,NA,NA,"VPCL_AR_DIFF"
"NJ2020",4,1,"T0_T3","c_Viruses","VPC",0,0,0,NA,"VPCL_AR_DIFF_SE"
"NJ2020",4,1,"T0_T3","c_Viruses","VPC",0,0,NA,NA,"VPCL_AR_DIFF_LMER"
"NJ2020",4,1,"T0_T3","c_Viruses","VPC",0,0,0,NA,"VPCL_AR_DIFF_LMER_SE"
"NJ2020",5,1,"T0_T24","c_Viruses","VPC",-243985.429992892,-5855650.31982941,46824.0321790569,0.629211385923416,"LM_ALLPOINTS"
"NJ2020",5,1,"T0_T24","c_Viruses","VPC",-243985.429992893,-5855650.31982942,22592.1170071972,0.703905132285537,"LM_SR_AVG"
"NJ2020",5,1,"T0_T24","c_Viruses","VPC",-243985.429992893,-5855650.31982943,67185.9110569343,0.767276382873864,"LM_AR"
"NJ2020",5,1,"T0_T24","c_Viruses","VPC",-243985.429992893,-5855650.31982943,67185.9110569343,0.767276382873864,"LM_AR_DIFF"
"NJ2020",5,1,"T0_T24","c_Viruses","VPC",-243985.429992891,-5855650.31982939,67185.9110569342,0.767276382873863,"LM_AR_DIFF_LMER"
"NJ2020",5,1,"T0_T24","c_Viruses","VPC",368230.277185499,2002132.19616203,130991.542508349,NA,"VPCL_SR_AVG"
"NJ2020",5,1,"T0_T24","c_Viruses","VPC",199644.633972994,1197867.80383796,NA,NA,"VPCL_AR"
"NJ2020",5,1,"T0_T24","c_Viruses","VPC",217057.569296377,651172.707889132,166830.325299283,NA,"VPCL_AR_SE"
"NJ2020",5,1,"T0_T24","c_Viruses","VPC",199644.633972994,1197867.80383796,NA,NA,"VPCL_AR_DIFF"
"NJ2020",5,1,"T0_T24","c_Viruses","VPC",217057.569296377,651172.707889132,166830.325299283,NA,"VPCL_AR_DIFF_SE"
"NJ2020",5,1,"T0_T24","c_Viruses","VPC",199644.633973,1197867.803838,NA,NA,"VPCL_AR_DIFF_LMER"
"NJ2020",5,1,"T0_T24","c_Viruses","VPC",0,0,0,NA,"VPCL_AR_DIFF_LMER_SE"
"NJ2020",6,1,"T0_T24","c_Viruses","VPC",-321810.589907607,-7723454.15778258,112804.6400199,0.33715969937893,"LM_ALLPOINTS"
"NJ2020",6,1,"T0_T24","c_Viruses","VPC",-321810.589907608,-7723454.15778258,33333.2827561474,0.552603313817116,"LM_SR_AVG"
"NJ2020",6,1,"T0_T24","c_Viruses","VPC",-321810.589907608,-7723454.15778258,136098.998143214,0.582943077411519,"LM_AR"
"NJ2020",6,1,"T0_T24","c_Viruses","VPC",-321810.589907608,-7723454.15778258,136098.998143214,0.582943077411519,"LM_AR_DIFF"
"NJ2020",6,1,"T0_T24","c_Viruses","VPC",-321810.589907607,-7723454.15778256,136098.998143214,0.582943077411519,"LM_AR_DIFF_LMER"
"NJ2020",6,1,"T0_T24","c_Viruses","VPC",1851457.00071073,5689552.23880597,1270074.76805296,NA,"VPCL_SR_AVG"
"NJ2020",6,1,"T0_T24","c_Viruses","VPC",1107604.83297796,3322814.49893389,NA,NA,"VPCL_AR"
"NJ2020",6,1,"T0_T24","c_Viruses","VPC",0,0,0,NA,"VPCL_AR_SE"
"NJ2020",6,1,"T0_T24","c_Viruses","VPC",1107604.83297796,3322814.49893389,NA,NA,"VPCL_AR_DIFF"
"NJ2020",6,1,"T0_T24","c_Viruses","VPC",0,0,0,NA,"VPCL_AR_DIFF_SE"
"NJ2020",6,1,"T0_T24","c_Viruses","VPC",1107604.83297796,3322814.49893389,NA,NA,"VPCL_AR_DIFF_LMER"
"NJ2020",6,1,"T0_T24","c_Viruses","VPC",0,0,0,NA,"VPCL_AR_DIFF_LMER_SE"
"NJ2020",7,1,"T0_T12","c_Viruses","VPC",3758.35110163502,45100.2132196202,23668.1754147216,0.00193588799544504,"LM_ALLPOINTS"
"NJ2020",7,1,"T0_T12","c_Viruses","VPC",3758.35110163496,45100.2132196196,7850.50008872956,0.290676137275896,"LM_SR_AVG"
"NJ2020",7,1,"T0_T12","c_Viruses","VPC",3758.35110163508,45100.213219621,30948.472424584,0.0048917621176871,"LM_AR"
"NJ2020",7,1,"T0_T12","c_Viruses","VPC",3758.35110163508,45100.213219621,30948.472424584,0.0048917621176871,"LM_AR_DIFF"
"NJ2020",7,1,"T0_T12","c_Viruses","VPC",3758.35110163494,45100.2132196193,30948.472424584,0.00489176211768663,"LM_AR_DIFF_LMER"
"NJ2020",7,1,"T0_T12","c_Viruses","VPC",143326.226012793,711982.942430703,58257.4418416379,NA,"VPCL_SR_AVG"
"NJ2020",7,1,"T0_T12","c_Viruses","VPC",194968.017057569,584904.051172706,NA,NA,"VPCL_AR"
"NJ2020",7,1,"T0_T12","c_Viruses","VPC",194968.017057569,584904.051172706,144633.385296765,NA,"VPCL_AR_SE"
"NJ2020",7,1,"T0_T12","c_Viruses","VPC",194968.017057569,584904.051172706,NA,NA,"VPCL_AR_DIFF"
"NJ2020",7,1,"T0_T12","c_Viruses","VPC",194968.017057569,584904.051172706,144633.385296765,NA,"VPCL_AR_DIFF_SE"
"NJ2020",7,1,"T0_T12","c_Viruses","VPC",194968.017057569,584904.051172706,NA,NA,"VPCL_AR_DIFF_LMER"
"NJ2020",7,1,"T0_T12","c_Viruses","VPC",0,0,0,NA,"VPCL_AR_DIFF_LMER_SE"
"NJ2020",1,1,"T0_T17","c_V1","VPC",52934.0430278982,899878.731474269,18793.2092442478,0.442386299970277,"LM_ALLPOINTS"
"NJ2020",1,1,"T0_T17","c_V1","VPC",52934.0430278982,899878.731474269,14772.8248828502,0.683691466731341,"LM_SR_AVG"
"NJ2020",1,1,"T0_T17","c_V1","VPC",52934.0430278982,899878.731474269,16605.0368218916,0.835556923987708,"LM_AR"
"NJ2020",1,1,"T0_T17","c_V1","VPC",52934.0430278982,899878.731474269,16605.0368218916,0.835556923987708,"LM_AR_DIFF"
"NJ2020",1,1,"T0_T17","c_V1","VPC",52934.0430278982,899878.73147427,16605.0368218916,0.835556923987708,"LM_AR_DIFF_LMER"
"NJ2020",1,1,"T0_T17","c_V1","VPC",70826.017301669,1034154.03072678,22284.5493596119,NA,"VPCL_SR_AVG"
"NJ2020",1,1,"T0_T17","c_V1","VPC",62448.8673951228,874284.143531719,NA,NA,"VPCL_AR"
"NJ2020",1,1,"T0_T17","c_V1","VPC",192123.657922072,576370.973766216,177230.443155446,NA,"VPCL_AR_SE"
"NJ2020",1,1,"T0_T17","c_V1","VPC",62448.8673951228,874284.143531719,NA,NA,"VPCL_AR_DIFF"
"NJ2020",1,1,"T0_T17","c_V1","VPC",192123.657922072,576370.973766216,177230.443155446,NA,"VPCL_AR_DIFF_SE"
"NJ2020",1,1,"T0_T17","c_V1","VPC",62448.8673951229,874284.14353172,NA,NA,"VPCL_AR_DIFF_LMER"
"NJ2020",1,1,"T0_T17","c_V1","VPC",192123.657922072,576370.973766217,141703.933741038,NA,"VPCL_AR_DIFF_LMER_SE"
"NJ2020",2,1,"T0_T6","c_V1","VPC",1014508.35238795,6087050.11432767,787366.050982866,0.191703678199214,"LM_ALLPOINTS"
"NJ2020",2,1,"T0_T6","c_V1","VPC",1014508.35238794,6087050.11432766,861432.470451231,0.611186355568092,"LM_SR_AVG"
"NJ2020",2,1,"T0_T6","c_V1","VPC",1014508.35238794,6087050.11432766,745391.349765411,0.649422114883265,"LM_AR"
"NJ2020",2,1,"T0_T6","c_V1","VPC",1014508.35238794,6087050.11432766,745391.349765411,0.649422114883265,"LM_AR_DIFF"
"NJ2020",2,1,"T0_T6","c_V1","VPC",1014508.35238794,6087050.11432764,745391.349765413,0.649422114883262,"LM_AR_DIFF_LMER"
"NJ2020",2,1,"T0_T6","c_V1","VPC",2329065.52324986,6987196.56974957,1886102.33206348,NA,"VPCL_SR_AVG"
"NJ2020",2,1,"T0_T6","c_V1","VPC",2305564.04170398,6916692.12511193,NA,NA,"VPCL_AR"
"NJ2020",2,1,"T0_T6","c_V1","VPC",2305564.04170398,6916692.12511193,1965849.5225767,NA,"VPCL_AR_SE"
"NJ2020",2,1,"T0_T6","c_V1","VPC",2305564.04170398,6916692.12511193,NA,NA,"VPCL_AR_DIFF"
"NJ2020",2,1,"T0_T6","c_V1","VPC",2305564.04170398,6916692.12511193,1965849.5225767,NA,"VPCL_AR_DIFF_SE"
"NJ2020",2,1,"T0_T6","c_V1","VPC",2305564.04170398,6916692.12511194,NA,NA,"VPCL_AR_DIFF_LMER"
"NJ2020",2,1,"T0_T6","c_V1","VPC",2305564.04170398,6916692.12511194,1594109.25969067,NA,"VPCL_AR_DIFF_LMER_SE"
"NJ2020",3,1,"T0_T12","c_V1","VPC",-416687.008585323,-5000244.10302388,102837.461326699,0.558091966466074,"LM_ALLPOINTS"
"NJ2020",3,1,"T0_T12","c_V1","VPC",-416687.008585323,-5000244.10302388,63430.7263821396,0.637151207979596,"LM_SR_AVG"
"NJ2020",3,1,"T0_T12","c_V1","VPC",-416687.008585323,-5000244.10302388,159372.377403249,0.694993946791366,"LM_AR"
"NJ2020",3,1,"T0_T12","c_V1","VPC",-416687.008585323,-5000244.10302388,159372.377403249,0.694993946791366,"LM_AR_DIFF"
"NJ2020",3,1,"T0_T12","c_V1","VPC",-416687.008585323,-5000244.10302388,159372.377403249,0.694993946791367,"LM_AR_DIFF_LMER"
"NJ2020",3,1,"T0_T12","c_V1","VPC",282365.413619472,1103146.0062849,80032.4449142556,NA,"VPCL_SR_AVG"
"NJ2020",3,1,"T0_T12","c_V1","VPC",133173.539839467,799041.2390368,NA,NA,"VPCL_AR"
"NJ2020",3,1,"T0_T12","c_V1","VPC",0,0,0,NA,"VPCL_AR_SE"
"NJ2020",3,1,"T0_T12","c_V1","VPC",133173.539839467,799041.2390368,NA,NA,"VPCL_AR_DIFF"
"NJ2020",3,1,"T0_T12","c_V1","VPC",0,0,0,NA,"VPCL_AR_DIFF_SE"
"NJ2020",3,1,"T0_T12","c_V1","VPC",133173.539839465,799041.239036793,NA,NA,"VPCL_AR_DIFF_LMER"
"NJ2020",3,1,"T0_T12","c_V1","VPC",0,0,0,NA,"VPCL_AR_DIFF_LMER_SE"
"NJ2020",4,1,"T0_T3","c_V1","VPC",-147397.435232912,-442192.305698735,322240.970747849,0.049706817847139,"LM_ALLPOINTS"
"NJ2020",4,1,"T0_T3","c_V1","VPC",-147397.43523291,-442192.30569873,196706.924415226,1,"LM_SR_AVG"
"NJ2020",4,1,"T0_T3","c_V1","VPC",-147397.435232909,-442192.305698726,NA,1,"LM_AR"
"NJ2020",4,1,"T0_T3","c_V1","VPC",-147397.435232909,-442192.305698726,NA,1,"LM_AR_DIFF"
"NJ2020",4,1,"T0_T3","c_V1","VPC",-147397.435232907,-442192.30569872,NA,1,"LM_AR_DIFF_LMER"
"NJ2020",4,1,"T0_T3","c_V1","VPC",75609.953090289,226829.859270867,75609.953090289,NA,"VPCL_SR_AVG"
"NJ2020",4,1,"T0_T3","c_V1","VPC",0,0,NA,NA,"VPCL_AR"
"NJ2020",4,1,"T0_T3","c_V1","VPC",0,0,0,NA,"VPCL_AR_SE"
"NJ2020",4,1,"T0_T3","c_V1","VPC",0,0,NA,NA,"VPCL_AR_DIFF"
"NJ2020",4,1,"T0_T3","c_V1","VPC",0,0,0,NA,"VPCL_AR_DIFF_SE"
"NJ2020",4,1,"T0_T3","c_V1","VPC",0,0,NA,NA,"VPCL_AR_DIFF_LMER"
"NJ2020",4,1,"T0_T3","c_V1","VPC",0,0,0,NA,"VPCL_AR_DIFF_LMER_SE"
"NJ2020",5,1,"T0_T24","c_V1","VPC",-199064.296807249,-4777543.12337398,42077.6058364207,0.583129989272072,"LM_ALLPOINTS"
"NJ2020",5,1,"T0_T24","c_V1","VPC",-199064.296807249,-4777543.12337398,26752.056322307,0.67125085928295,"LM_SR_AVG"
"NJ2020",5,1,"T0_T24","c_V1","VPC",-199064.296807249,-4777543.12337399,56566.3491919005,0.755863413544765,"LM_AR"
"NJ2020",5,1,"T0_T24","c_V1","VPC",-199064.296807249,-4777543.12337399,56566.3491919005,0.755863413544765,"LM_AR_DIFF"
"NJ2020",5,1,"T0_T24","c_V1","VPC",-199064.296807249,-4777543.12337398,56566.3491919003,0.755863413544765,"LM_AR_DIFF_LMER"
"NJ2020",5,1,"T0_T24","c_V1","VPC",534932.249502093,1970151.52372337,256081.450857852,NA,"VPCL_SR_AVG"
"NJ2020",5,1,"T0_T24","c_V1","VPC",205545.039537966,1233270.2372278,NA,NA,"VPCL_AR"
"NJ2020",5,1,"T0_T24","c_V1","VPC",0,0,0,NA,"VPCL_AR_SE"
"NJ2020",5,1,"T0_T24","c_V1","VPC",205545.039537966,1233270.2372278,NA,NA,"VPCL_AR_DIFF"
"NJ2020",5,1,"T0_T24","c_V1","VPC",0,0,0,NA,"VPCL_AR_DIFF_SE"
"NJ2020",5,1,"T0_T24","c_V1","VPC",205545.039537966,1233270.2372278,NA,NA,"VPCL_AR_DIFF_LMER"
"NJ2020",5,1,"T0_T24","c_V1","VPC",0,0,0,NA,"VPCL_AR_DIFF_LMER_SE"
"NJ2020",6,1,"T0_T24","c_V1","VPC",-291202.467282869,-6988859.21478886,94477.3367735061,0.372555053605922,"LM_ALLPOINTS"
"NJ2020",6,1,"T0_T24","c_V1","VPC",-291202.46728287,-6988859.21478887,40794.7449499781,0.578925821478387,"LM_SR_AVG"
"NJ2020",6,1,"T0_T24","c_V1","VPC",-291202.46728287,-6988859.21478887,115061.418380959,0.61557571484335,"LM_AR"
"NJ2020",6,1,"T0_T24","c_V1","VPC",-291202.46728287,-6988859.21478887,115061.418380959,0.61557571484335,"LM_AR_DIFF"
"NJ2020",6,1,"T0_T24","c_V1","VPC",-291202.46728287,-6988859.21478887,115061.418380959,0.61557571484335,"LM_AR_DIFF_LMER"
"NJ2020",6,1,"T0_T24","c_V1","VPC",1564616.83974784,4888638.79898287,1075388.69360424,NA,"VPCL_SR_AVG"
"NJ2020",6,1,"T0_T24","c_V1","VPC",1023880.99231914,3071642.97695741,NA,NA,"VPCL_AR"
"NJ2020",6,1,"T0_T24","c_V1","VPC",0,0,0,NA,"VPCL_AR_SE"
"NJ2020",6,1,"T0_T24","c_V1","VPC",1023880.99231914,3071642.97695741,NA,NA,"VPCL_AR_DIFF"
"NJ2020",6,1,"T0_T24","c_V1","VPC",0,0,0,NA,"VPCL_AR_DIFF_SE"
"NJ2020",6,1,"T0_T24","c_V1","VPC",1023880.99231913,3071642.9769574,NA,NA,"VPCL_AR_DIFF_LMER"
"NJ2020",6,1,"T0_T24","c_V1","VPC",0,0,0,NA,"VPCL_AR_DIFF_LMER_SE"
"NJ2020",7,1,"T0_T12","c_V1","VPC",5217.89789746055,62614.7747695267,22980.6537645949,0.00395006419593629,"LM_ALLPOINTS"
"NJ2020",7,1,"T0_T12","c_V1","VPC",5217.89789746057,62614.7747695269,6744.39180182045,0.282310314890603,"LM_SR_AVG"
"NJ2020",7,1,"T0_T12","c_V1","VPC",5217.8978974605,62614.774769526,29304.1145200726,0.0104579591928634,"LM_AR"
"NJ2020",7,1,"T0_T12","c_V1","VPC",5217.8978974605,62614.774769526,29304.1145200726,0.0104579591928634,"LM_AR_DIFF"
"NJ2020",7,1,"T0_T12","c_V1","VPC",5217.89789746027,62614.7747695233,29304.1145200725,0.0104579591928621,"LM_AR_DIFF_LMER"
"NJ2020",7,1,"T0_T12","c_V1","VPC",146268.511953237,704554.554607203,58202.1001093767,NA,"VPCL_SR_AVG"
"NJ2020",7,1,"T0_T12","c_V1","VPC",184965.633020266,554896.899060797,NA,NA,"VPCL_AR"
"NJ2020",7,1,"T0_T12","c_V1","VPC",184965.633020266,554896.899060797,141990.822121797,NA,"VPCL_AR_SE"
"NJ2020",7,1,"T0_T12","c_V1","VPC",184965.633020266,554896.899060797,NA,NA,"VPCL_AR_DIFF"
"NJ2020",7,1,"T0_T12","c_V1","VPC",184965.633020266,554896.899060797,141990.822121797,NA,"VPCL_AR_DIFF_SE"
"NJ2020",7,1,"T0_T12","c_V1","VPC",184965.633020266,554896.899060797,NA,NA,"VPCL_AR_DIFF_LMER"
"NJ2020",7,1,"T0_T12","c_V1","VPC",0,0,0,NA,"VPCL_AR_DIFF_LMER_SE"
"NJ2020",1,1,"T0_T17","c_V2","VPC",1691.883261331,28762.015442627,4005.47361749843,0.0175288269225163,"LM_ALLPOINTS"
"NJ2020",1,1,"T0_T17","c_V2","VPC",1691.88326133103,28762.0154426276,396.409091499204,0.045145403859675,"LM_SR_AVG"
"NJ2020",1,1,"T0_T17","c_V2","VPC",1691.883261331,28762.015442627,2735.35839332857,0.160570743999671,"LM_AR"
"NJ2020",1,1,"T0_T17","c_V2","VPC",1691.883261331,28762.015442627,2735.35839332857,0.160570743999671,"LM_AR_DIFF"
"NJ2020",1,1,"T0_T17","c_V2","VPC",1691.88326133102,28762.0154426273,2735.35839332856,0.160570743999676,"LM_AR_DIFF_LMER"
"NJ2020",1,1,"T0_T17","c_V2","VPC",16183.567810737,127523.646292383,8677.10469200533,NA,"VPCL_SR_AVG"
"NJ2020",1,1,"T0_T17","c_V2","VPC",4645.678657565,65039.50120591,NA,NA,"VPCL_AR"
"NJ2020",1,1,"T0_T17","c_V2","VPC",0,0,0,NA,"VPCL_AR_SE"
"NJ2020",1,1,"T0_T17","c_V2","VPC",4645.678657565,65039.50120591,NA,NA,"VPCL_AR_DIFF"
"NJ2020",1,1,"T0_T17","c_V2","VPC",0,0,0,NA,"VPCL_AR_DIFF_SE"
"NJ2020",1,1,"T0_T17","c_V2","VPC",4645.678657565,65039.50120591,NA,NA,"VPCL_AR_DIFF_LMER"
"NJ2020",1,1,"T0_T17","c_V2","VPC",0,0,0,NA,"VPCL_AR_DIFF_LMER_SE"
"NJ2020",2,1,"T0_T6","c_V2","VPC",-68940.6130228177,-413643.678136906,21676.5295247249,0.591004767403652,"LM_ALLPOINTS"
"NJ2020",2,1,"T0_T6","c_V2","VPC",-68940.6130228182,-413643.678136908,17972.4804976094,0.788639246519144,"LM_SR_AVG"
"NJ2020",2,1,"T0_T6","c_V2","VPC",-68940.6130228181,-413643.678136908,25566.1952030757,0.879101493180427,"LM_AR"
"NJ2020",2,1,"T0_T6","c_V2","VPC",-68940.6130228181,-413643.678136908,25566.1952030757,0.879101493180427,"LM_AR_DIFF"
"NJ2020",2,1,"T0_T6","c_V2","VPC",-68940.613022818,-413643.678136908,25566.1952030756,0.879101493180426,"LM_AR_DIFF_LMER"
"NJ2020",2,1,"T0_T6","c_V2","VPC",15024.7870284611,45074.3610853833,15024.7870284611,NA,"VPCL_SR_AVG"
"NJ2020",2,1,"T0_T6","c_V2","VPC",0,0,NA,NA,"VPCL_AR"
"NJ2020",2,1,"T0_T6","c_V2","VPC",0,0,0,NA,"VPCL_AR_SE"
"NJ2020",2,1,"T0_T6","c_V2","VPC",0,0,NA,NA,"VPCL_AR_DIFF"
"NJ2020",2,1,"T0_T6","c_V2","VPC",0,0,0,NA,"VPCL_AR_DIFF_SE"
"NJ2020",2,1,"T0_T6","c_V2","VPC",0,0,NA,NA,"VPCL_AR_DIFF_LMER"
"NJ2020",2,1,"T0_T6","c_V2","VPC",0,0,0,NA,"VPCL_AR_DIFF_LMER_SE"
"NJ2020",3,1,"T0_T12","c_V2","VPC",-26216.5335141767,-314598.40217012,4337.44689980927,0.737547302660618,"LM_ALLPOINTS"
"NJ2020",3,1,"T0_T12","c_V2","VPC",-26216.5335141766,-314598.40217012,3902.94144515217,0.77556449891601,"LM_SR_AVG"
"NJ2020",3,1,"T0_T12","c_V2","VPC",-26216.5335141766,-314598.40217012,4416.54752444226,0.921539596300295,"LM_AR"
"NJ2020",3,1,"T0_T12","c_V2","VPC",-26216.5335141766,-314598.40217012,4416.54752444226,0.921539596300295,"LM_AR_DIFF"
"NJ2020",3,1,"T0_T12","c_V2","VPC",-26216.5335141765,-314598.402170118,4416.54752444231,0.921539596300293,"LM_AR_DIFF_LMER"
"NJ2020",3,1,"T0_T12","c_V2","VPC",13705.1155234255,41115.3465702766,6264.19707206406,NA,"VPCL_SR_AVG"
"NJ2020",3,1,"T0_T12","c_V2","VPC",0,0,NA,NA,"VPCL_AR"
"NJ2020",3,1,"T0_T12","c_V2","VPC",0,0,0,NA,"VPCL_AR_SE"
"NJ2020",3,1,"T0_T12","c_V2","VPC",0,0,NA,NA,"VPCL_AR_DIFF"
"NJ2020",3,1,"T0_T12","c_V2","VPC",0,0,0,NA,"VPCL_AR_DIFF_SE"
"NJ2020",3,1,"T0_T12","c_V2","VPC",0,0,NA,NA,"VPCL_AR_DIFF_LMER"
"NJ2020",3,1,"T0_T12","c_V2","VPC",0,0,0,NA,"VPCL_AR_DIFF_LMER_SE"
"NJ2020",4,1,"T0_T3","c_V2","VPC",-41637.4619395271,-124912.385818581,41718.1498112711,0.199381202139572,"LM_ALLPOINTS"
"NJ2020",4,1,"T0_T3","c_V2","VPC",-41637.4619395263,-124912.385818579,20809.3255015679,1,"LM_SR_AVG"
"NJ2020",4,1,"T0_T3","c_V2","VPC",-41637.4619395261,-124912.385818578,NA,1,"LM_AR"
"NJ2020",4,1,"T0_T3","c_V2","VPC",-41637.4619395261,-124912.385818578,NA,1,"LM_AR_DIFF"
"NJ2020",4,1,"T0_T3","c_V2","VPC",-41637.4619395261,-124912.385818578,NA,1,"LM_AR_DIFF_LMER"
"NJ2020",4,1,"T0_T3","c_V2","VPC",0,0,0,NA,"VPCL_SR_AVG"
"NJ2020",4,1,"T0_T3","c_V2","VPC",0,0,NA,NA,"VPCL_AR"
"NJ2020",4,1,"T0_T3","c_V2","VPC",0,0,0,NA,"VPCL_AR_SE"
"NJ2020",4,1,"T0_T3","c_V2","VPC",0,0,NA,NA,"VPCL_AR_DIFF"
"NJ2020",4,1,"T0_T3","c_V2","VPC",0,0,0,NA,"VPCL_AR_DIFF_SE"
"NJ2020",4,1,"T0_T3","c_V2","VPC",0,0,NA,NA,"VPCL_AR_DIFF_LMER"
"NJ2020",4,1,"T0_T3","c_V2","VPC",0,0,0,NA,"VPCL_AR_DIFF_LMER_SE"
"NJ2020",5,1,"T0_T24","c_V2","VPC",-41787.4645224996,-1002899.14853999,8537.53308441068,0.599566667890222,"LM_ALLPOINTS"
"NJ2020",5,1,"T0_T24","c_V2","VPC",-41787.4645224995,-1002899.14853999,5457.176993446,0.692061091831775,"LM_SR_AVG"
"NJ2020",5,1,"T0_T24","c_V2","VPC",-41787.4645224995,-1002899.14853999,11106.5524555169,0.779684364762351,"LM_AR"
"NJ2020",5,1,"T0_T24","c_V2","VPC",-41787.4645224995,-1002899.14853999,11106.5524555169,0.779684364762351,"LM_AR_DIFF"
"NJ2020",5,1,"T0_T24","c_V2","VPC",-41787.4645224996,-1002899.14853999,11106.5524555169,0.77968436476235,"LM_AR_DIFF_LMER"
"NJ2020",5,1,"T0_T24","c_V2","VPC",52879.4541859744,275767.816325523,33054.9445150955,NA,"VPCL_SR_AVG"
"NJ2020",5,1,"T0_T24","c_V2","VPC",24762.5879133477,74287.7637400432,NA,NA,"VPCL_AR"
"NJ2020",5,1,"T0_T24","c_V2","VPC",0,0,0,NA,"VPCL_AR_SE"
"NJ2020",5,1,"T0_T24","c_V2","VPC",24762.5879133477,74287.7637400432,NA,NA,"VPCL_AR_DIFF"
"NJ2020",5,1,"T0_T24","c_V2","VPC",0,0,0,NA,"VPCL_AR_DIFF_SE"
"NJ2020",5,1,"T0_T24","c_V2","VPC",24762.587913348,74287.7637400441,NA,NA,"VPCL_AR_DIFF_LMER"
"NJ2020",5,1,"T0_T24","c_V2","VPC",0,0,0,NA,"VPCL_AR_DIFF_LMER_SE"
"NJ2020",6,1,"T0_T24","c_V2","VPC",-23599.4846659961,-566387.631983907,17466.9450350789,0.102407203711373,"LM_ALLPOINTS"
"NJ2020",6,1,"T0_T24","c_V2","VPC",-23599.4846659962,-566387.631983908,8184.2297608243,0.1738067138864,"LM_SR_AVG"
"NJ2020",6,1,"T0_T24","c_V2","VPC",-23599.4846659962,-566387.631983909,18105.4863591774,0.298118271037849,"LM_AR"
"NJ2020",6,1,"T0_T24","c_V2","VPC",-23599.4846659962,-566387.631983909,18105.4863591774,0.298118271037849,"LM_AR_DIFF"
"NJ2020",6,1,"T0_T24","c_V2","VPC",-23599.4846659962,-566387.63198391,18105.4863591774,0.298118271037849,"LM_AR_DIFF_LMER"
"NJ2020",6,1,"T0_T24","c_V2","VPC",305375.148438749,1079333.47753555,153994.01648207,NA,"VPCL_SR_AVG"
"NJ2020",6,1,"T0_T24","c_V2","VPC",25561.7739387689,383426.609081533,NA,NA,"VPCL_AR"
"NJ2020",6,1,"T0_T24","c_V2","VPC",0,0,0,NA,"VPCL_AR_SE"
"NJ2020",6,1,"T0_T24","c_V2","VPC",25561.7739387689,383426.609081533,NA,NA,"VPCL_AR_DIFF"
"NJ2020",6,1,"T0_T24","c_V2","VPC",0,0,0,NA,"VPCL_AR_DIFF_SE"
"NJ2020",6,1,"T0_T24","c_V2","VPC",25561.7739387689,383426.609081534,NA,NA,"VPCL_AR_DIFF_LMER"
"NJ2020",6,1,"T0_T24","c_V2","VPC",0,0,0,NA,"VPCL_AR_DIFF_LMER_SE"
"NJ2020",7,1,"T0_T12","c_V2","VPC",-1353.72020488625,-16244.6424586349,1867.57606311625,0.0388463906336175,"LM_ALLPOINTS"
"NJ2020",7,1,"T0_T12","c_V2","VPC",-1353.72020488625,-16244.642458635,2568.66875631452,0.38779270643598,"LM_SR_AVG"
"NJ2020",7,1,"T0_T12","c_V2","VPC",-1353.72020488623,-16244.6424586348,2137.05642572161,0.117973921268838,"LM_AR"
"NJ2020",7,1,"T0_T12","c_V2","VPC",-1353.72020488623,-16244.6424586348,2137.05642572161,0.117973921268838,"LM_AR_DIFF"
"NJ2020",7,1,"T0_T12","c_V2","VPC",-1353.7202048862,-16244.6424586344,2137.05642572161,0.11797392126883,"LM_AR_DIFF_LMER"
"NJ2020",7,1,"T0_T12","c_V2","VPC",NA,NA,15974.5163460277,NA,"VPCL_SR_AVG"
"NJ2020",7,1,"T0_T12","c_V2","VPC",12593.1733782255,37779.5201346764,NA,NA,"VPCL_AR"
"NJ2020",7,1,"T0_T12","c_V2","VPC",12593.1733782255,37779.5201346764,11327.2874424586,NA,"VPCL_AR_SE"
"NJ2020",7,1,"T0_T12","c_V2","VPC",12593.1733782255,37779.5201346764,NA,NA,"VPCL_AR_DIFF"
"NJ2020",7,1,"T0_T12","c_V2","VPC",12593.1733782255,37779.5201346764,11327.2874424586,NA,"VPCL_AR_DIFF_SE"
"NJ2020",7,1,"T0_T12","c_V2","VPC",12593.1733782255,37779.5201346764,NA,NA,"VPCL_AR_DIFF_LMER"
"NJ2020",7,1,"T0_T12","c_V2","VPC",0,0,0,NA,"VPCL_AR_DIFF_LMER_SE"
"NJ2020",1,1,"T0_T17","c_V3","VPC",4214.93434267634,71653.8838254978,2746.28785048492,0.190646119499686,"LM_ALLPOINTS"
"NJ2020",1,1,"T0_T17","c_V3","VPC",4214.93434267635,71653.8838254978,1263.89079465167,0.254372177705377,"LM_SR_AVG"
"NJ2020",1,1,"T0_T17","c_V3","VPC",4214.93434267635,71653.883825498,2394.13036919992,0.607801610647631,"LM_AR"
"NJ2020",1,1,"T0_T17","c_V3","VPC",4214.93434267635,71653.883825498,2394.13036919992,0.607801610647631,"LM_AR_DIFF"
"NJ2020",1,1,"T0_T17","c_V3","VPC",4214.93434267632,71653.8838254975,2394.13036919992,0.607801610647628,"LM_AR_DIFF_LMER"
"NJ2020",1,1,"T0_T17","c_V3","VPC",35729.3256650226,157420.291996235,13099.450386087,NA,"VPCL_SR_AVG"
"NJ2020",1,1,"T0_T17","c_V3","VPC",5905.75854676424,82680.6196546993,NA,NA,"VPCL_AR"
"NJ2020",1,1,"T0_T17","c_V3","VPC",0,0,0,NA,"VPCL_AR_SE"
"NJ2020",1,1,"T0_T17","c_V3","VPC",5905.75854676424,82680.6196546993,NA,NA,"VPCL_AR_DIFF"
"NJ2020",1,1,"T0_T17","c_V3","VPC",0,0,0,NA,"VPCL_AR_DIFF_SE"
"NJ2020",1,1,"T0_T17","c_V3","VPC",5905.75854676423,82680.6196546992,NA,NA,"VPCL_AR_DIFF_LMER"
"NJ2020",1,1,"T0_T17","c_V3","VPC",24433.6626475374,73300.9879426123,20923.2505007168,NA,"VPCL_AR_DIFF_LMER_SE"
"NJ2020",2,1,"T0_T6","c_V3","VPC",-258.570921633388,-1551.42552980033,5627.75676679008,0.000301480854751554,"LM_ALLPOINTS"
"NJ2020",2,1,"T0_T6","c_V3","VPC",-258.57092163343,-1551.42552980053,8479.07477649166,0.774527641288558,"LM_SR_AVG"
"NJ2020",2,1,"T0_T6","c_V3","VPC",-258.570921633443,-1551.42552980066,2363.83390518484,0.0118238744271279,"LM_AR"
"NJ2020",2,1,"T0_T6","c_V3","VPC",-258.570921633443,-1551.42552980066,2363.83390518484,0.0118238744271279,"LM_AR_DIFF"
"NJ2020",2,1,"T0_T6","c_V3","VPC",-258.570921633469,-1551.42552980082,2363.83390518485,0.0118238744271314,"LM_AR_DIFF_LMER"
"NJ2020",2,1,"T0_T6","c_V3","VPC",10974.3786920283,38530.0065718023,8329.70986874479,NA,"VPCL_SR_AVG"
"NJ2020",2,1,"T0_T6","c_V3","VPC",3835.70950280076,11507.1285084023,NA,NA,"VPCL_AR"
"NJ2020",2,1,"T0_T6","c_V3","VPC",0,0,0,NA,"VPCL_AR_SE"
"NJ2020",2,1,"T0_T6","c_V3","VPC",3835.70950280076,11507.1285084023,NA,NA,"VPCL_AR_DIFF"
"NJ2020",2,1,"T0_T6","c_V3","VPC",0,0,0,NA,"VPCL_AR_DIFF_SE"
"NJ2020",2,1,"T0_T6","c_V3","VPC",3835.70950280072,11507.1285084022,NA,NA,"VPCL_AR_DIFF_LMER"
"NJ2020",2,1,"T0_T6","c_V3","VPC",0,0,0,NA,"VPCL_AR_DIFF_LMER_SE"
"NJ2020",3,1,"T0_T12","c_V3","VPC",-23001.2198052613,-276014.637663136,5971.85009132363,0.532960029717035,"LM_ALLPOINTS"
"NJ2020",3,1,"T0_T12","c_V3","VPC",-23001.2198052613,-276014.637663136,5676.82501021766,0.575892781432114,"LM_SR_AVG"
"NJ2020",3,1,"T0_T12","c_V3","VPC",-23001.2198052613,-276014.637663136,10139.9504215788,0.631699818162748,"LM_AR"
"NJ2020",3,1,"T0_T12","c_V3","VPC",-23001.2198052613,-276014.637663136,10139.9504215788,0.631699818162748,"LM_AR_DIFF"
"NJ2020",3,1,"T0_T12","c_V3","VPC",-23001.2198052613,-276014.637663135,10139.9504215789,0.631699818162746,"LM_AR_DIFF_LMER"
"NJ2020",3,1,"T0_T12","c_V3","VPC",33538.4679754564,181805.672389611,12414.7140850555,NA,"VPCL_SR_AVG"
"NJ2020",3,1,"T0_T12","c_V3","VPC",24836.7201522312,149020.320913387,NA,NA,"VPCL_AR"
"NJ2020",3,1,"T0_T12","c_V3","VPC",47720.0990752936,143160.297225881,28603.8636688508,NA,"VPCL_AR_SE"
"NJ2020",3,1,"T0_T12","c_V3","VPC",24836.7201522312,149020.320913387,NA,NA,"VPCL_AR_DIFF"
"NJ2020",3,1,"T0_T12","c_V3","VPC",47720.0990752936,143160.297225881,28603.8636688508,NA,"VPCL_AR_DIFF_SE"
"NJ2020",3,1,"T0_T12","c_V3","VPC",24836.7201522313,149020.320913388,NA,NA,"VPCL_AR_DIFF_LMER"
"NJ2020",3,1,"T0_T12","c_V3","VPC",47720.0990752938,143160.297225881,45905.9996342158,NA,"VPCL_AR_DIFF_LMER_SE"
"NJ2020",4,1,"T0_T3","c_V3","VPC",-17503.8377245067,-52511.5131735202,15515.8842859696,0.241370094341182,"LM_ALLPOINTS"
"NJ2020",4,1,"T0_T3","c_V3","VPC",-17503.8377245066,-52511.5131735198,19114.8999907627,1,"LM_SR_AVG"
"NJ2020",4,1,"T0_T3","c_V3","VPC",-17503.8377245065,-52511.5131735196,NA,1,"LM_AR"
"NJ2020",4,1,"T0_T3","c_V3","VPC",-17503.8377245065,-52511.5131735196,NA,1,"LM_AR_DIFF"
"NJ2020",4,1,"T0_T3","c_V3","VPC",-17503.8377245065,-52511.5131735196,NA,1,"LM_AR_DIFF_LMER"
"NJ2020",4,1,"T0_T3","c_V3","VPC",5415.96164062113,16247.8849218634,5415.96164062113,NA,"VPCL_SR_AVG"
"NJ2020",4,1,"T0_T3","c_V3","VPC",0,0,NA,NA,"VPCL_AR"
"NJ2020",4,1,"T0_T3","c_V3","VPC",0,0,0,NA,"VPCL_AR_SE"
"NJ2020",4,1,"T0_T3","c_V3","VPC",0,0,NA,NA,"VPCL_AR_DIFF"
"NJ2020",4,1,"T0_T3","c_V3","VPC",0,0,0,NA,"VPCL_AR_DIFF_SE"
"NJ2020",4,1,"T0_T3","c_V3","VPC",0,0,NA,NA,"VPCL_AR_DIFF_LMER"
"NJ2020",4,1,"T0_T3","c_V3","VPC",0,0,0,NA,"VPCL_AR_DIFF_LMER_SE"
"NJ2020",5,1,"T0_T24","c_V3","VPC",-3133.66866314414,-75208.0479154594,1218.83818724861,0.292354513227981,"LM_ALLPOINTS"
"NJ2020",5,1,"T0_T24","c_V3","VPC",-3133.66866314415,-75208.0479154595,990.228245533073,0.347821150016357,"LM_SR_AVG"
"NJ2020",5,1,"T0_T24","c_V3","VPC",-3133.66866314415,-75208.0479154597,1111.4064710283,0.665268468776427,"LM_AR"
"NJ2020",5,1,"T0_T24","c_V3","VPC",-3133.66866314415,-75208.0479154597,1111.4064710283,0.665268468776427,"LM_AR_DIFF"
"NJ2020",5,1,"T0_T24","c_V3","VPC",-3133.66866314413,-75208.0479154591,1111.4064710283,0.665268468776423,"LM_AR_DIFF_LMER"
"NJ2020",5,1,"T0_T24","c_V3","VPC",11881.7109656042,106835.505596511,4188.27889029288,NA,"VPCL_SR_AVG"
"NJ2020",5,1,"T0_T24","c_V3","VPC",9512.77573086246,57076.6543851747,NA,NA,"VPCL_AR"
"NJ2020",5,1,"T0_T24","c_V3","VPC",13498.0083356508,40494.0250069525,6499.84071441499,NA,"VPCL_AR_SE"
"NJ2020",5,1,"T0_T24","c_V3","VPC",9512.77573086246,57076.6543851747,NA,NA,"VPCL_AR_DIFF"
"NJ2020",5,1,"T0_T24","c_V3","VPC",13498.0083356508,40494.0250069525,6499.84071441499,NA,"VPCL_AR_DIFF_SE"
"NJ2020",5,1,"T0_T24","c_V3","VPC",9512.77573086259,57076.6543851756,NA,NA,"VPCL_AR_DIFF_LMER"
"NJ2020",5,1,"T0_T24","c_V3","VPC",0,0,0,NA,"VPCL_AR_DIFF_LMER_SE"
"NJ2020",6,1,"T0_T24","c_V3","VPC",-7008.63795874077,-168207.311009779,3850.07766530687,0.171577447572834,"LM_ALLPOINTS"
"NJ2020",6,1,"T0_T24","c_V3","VPC",-7008.63795874077,-168207.311009778,2646.21451496006,0.214485542778235,"LM_SR_AVG"
"NJ2020",6,1,"T0_T24","c_V3","VPC",-7008.63795874078,-168207.311009779,6445.71426466681,0.228140916526297,"LM_AR"
"NJ2020",6,1,"T0_T24","c_V3","VPC",-7008.63795874078,-168207.311009779,6445.71426466681,0.228140916526297,"LM_AR_DIFF"
"NJ2020",6,1,"T0_T24","c_V3","VPC",-7008.63795874078,-168207.311009779,6445.71426466681,0.228140916526297,"LM_AR_DIFF_LMER"
"NJ2020",6,1,"T0_T24","c_V3","VPC",13725.7796894556,175956.204518457,4328.47783716426,NA,"VPCL_SR_AVG"
"NJ2020",6,1,"T0_T24","c_V3","VPC",7985.59883239736,119783.98248596,NA,NA,"VPCL_AR"
"NJ2020",6,1,"T0_T24","c_V3","VPC",7204.37576725486,86452.5092070583,6196.4284203315,NA,"VPCL_AR_SE"
"NJ2020",6,1,"T0_T24","c_V3","VPC",7985.59883239736,119783.98248596,NA,NA,"VPCL_AR_DIFF"
"NJ2020",6,1,"T0_T24","c_V3","VPC",7204.37576725486,86452.5092070583,6196.4284203315,NA,"VPCL_AR_DIFF_SE"
"NJ2020",6,1,"T0_T24","c_V3","VPC",7985.59883239736,119783.98248596,NA,NA,"VPCL_AR_DIFF_LMER"
"NJ2020",6,1,"T0_T24","c_V3","VPC",0,0,0,NA,"VPCL_AR_DIFF_LMER_SE"
"NJ2020",7,1,"T0_T12","c_V3","VPC",-105.826590939678,-1269.91909127614,1034.61082448669,0.000804160693107553,"LM_ALLPOINTS"
"NJ2020",7,1,"T0_T12","c_V3","VPC",-105.826590939673,-1269.9190912761,940.80124664847,0.190438676234878,"LM_SR_AVG"
"NJ2020",7,1,"T0_T12","c_V3","VPC",-105.826590939678,-1269.91909127613,331.870596794661,0.0327834404341382,"LM_AR"
"NJ2020",7,1,"T0_T12","c_V3","VPC",-105.826590939678,-1269.91909127613,331.870596794661,0.0327834404341382,"LM_AR_DIFF"
"NJ2020",7,1,"T0_T12","c_V3","VPC",-105.826590939698,-1269.91909127637,331.870596794659,0.0327834404341507,"LM_AR_DIFF_LMER"
"NJ2020",7,1,"T0_T12","c_V3","VPC",6451.491009476,38708.946056856,572.492855794868,NA,"VPCL_SR_AVG"
"NJ2020",7,1,"T0_T12","c_V3","VPC",1313.51516745055,7881.09100470331,NA,NA,"VPCL_AR"
"NJ2020",7,1,"T0_T12","c_V3","VPC",0,0,0,NA,"VPCL_AR_SE"
"NJ2020",7,1,"T0_T12","c_V3","VPC",1313.51516745055,7881.09100470331,NA,NA,"VPCL_AR_DIFF"
"NJ2020",7,1,"T0_T12","c_V3","VPC",0,0,0,NA,"VPCL_AR_DIFF_SE"
"NJ2020",7,1,"T0_T12","c_V3","VPC",1313.51516745051,7881.09100470308,NA,NA,"VPCL_AR_DIFF_LMER"
"NJ2020",7,1,"T0_T12","c_V3","VPC",0,0,0,NA,"VPCL_AR_DIFF_LMER_SE"
"NJ2020",1,1,"T0_T17","c_Viruses","Diff",185597.208761389,3155152.5489436,94500.2506342028,NA,"LM_ALLPOINTS"
"NJ2020",1,1,"T0_T17","c_Viruses","Diff",185597.208761388,3155152.5489436,15870.3030151892,NA,"LM_SR_AVG"
"NJ2020",1,1,"T0_T17","c_Viruses","Diff",185597.208761388,3155152.5489436,177944.824132558,NA,"LM_AR"
"NJ2020",1,1,"T0_T17","c_Viruses","Diff",185597.208761388,3155152.5489436,175548.07597135,0.358514953481865,"LM_AR_DIFF"
"NJ2020",1,1,"T0_T17","c_Viruses","Diff",185597.208761388,3155152.5489436,175548.07597135,0.358514953481865,"LM_AR_DIFF_LMER"
"NJ2020",1,1,"T0_T17","c_Viruses","Diff",120109.840408349,-576545.842217483,NA,NA,"VPCL_SR_AVG"
"NJ2020",1,1,"T0_T17","c_Viruses","Diff",-87681.9981724032,-745501.06609808,NA,NA,"VPCL_AR"
"NJ2020",1,1,"T0_T17","c_Viruses","Diff",77356.076759062,-1053390.19189766,247056.776106695,NA,"VPCL_AR_SE"
"NJ2020",1,1,"T0_T17","c_Viruses","Diff",773944.562899788,4643667.37739873,NA,NA,"VPCL_AR_DIFF"
"NJ2020",1,1,"T0_T17","c_Viruses","Diff",1501492.53731343,4504477.6119403,346141.506823676,NA,"VPCL_AR_DIFF_SE"
"NJ2020",1,1,"T0_T17","c_Viruses","Diff",773944.562899788,4643667.37739873,NA,NA,"VPCL_AR_DIFF_LMER"
"NJ2020",1,1,"T0_T17","c_Viruses","Diff",1501492.53731343,4504477.6119403,236118.756917945,NA,"VPCL_AR_DIFF_LMER_SE"
"NJ2020",2,1,"T0_T6","c_Viruses","Diff",1746126.51030562,10476759.0618337,855409.819392859,NA,"LM_ALLPOINTS"
"NJ2020",2,1,"T0_T6","c_Viruses","Diff",1746126.51030562,10476759.0618337,939690.759861656,NA,"LM_SR_AVG"
"NJ2020",2,1,"T0_T6","c_Viruses","Diff",1746126.51030562,10476759.0618337,753673.944151095,NA,"LM_AR"
"NJ2020",2,1,"T0_T6","c_Viruses","Diff",1746126.51030562,10476759.0618337,681248.697163206,0.867892917447466,"LM_AR_DIFF"
"NJ2020",2,1,"T0_T6","c_Viruses","Diff",1746126.51030563,10476759.0618338,681248.697163198,0.86789291744747,"LM_AR_DIFF_LMER"
"NJ2020",2,1,"T0_T6","c_Viruses","Diff",2241506.75195452,6724520.25586357,NA,NA,"VPCL_SR_AVG"
"NJ2020",2,1,"T0_T6","c_Viruses","Diff",2187988.62828715,6563965.88486144,NA,NA,"VPCL_AR"
"NJ2020",2,1,"T0_T6","c_Viruses","Diff",2187988.62828715,6563965.88486144,1963653.98432813,NA,"VPCL_AR_SE"
"NJ2020",2,1,"T0_T6","c_Viruses","Diff",1746126.51030562,10476759.0618337,NA,NA,"VPCL_AR_DIFF"
"NJ2020",2,1,"T0_T6","c_Viruses","Diff",1746126.51030562,10476759.0618337,1203416.73451801,NA,"VPCL_AR_DIFF_SE"
"NJ2020",2,1,"T0_T6","c_Viruses","Diff",1746126.51030563,10476759.0618338,NA,NA,"VPCL_AR_DIFF_LMER"
"NJ2020",2,1,"T0_T6","c_Viruses","Diff",2926083.86638239,8778251.59914717,2258865.01314315,NA,"VPCL_AR_DIFF_LMER_SE"
"NJ2020",3,1,"T0_T12","c_Viruses","Diff",-46410.803127221,-556929.63752665,219289.882718293,NA,"LM_ALLPOINTS"
"NJ2020",3,1,"T0_T12","c_Viruses","Diff",-46410.8031272207,-556929.637526643,177801.232024061,NA,"LM_SR_AVG"
"NJ2020",3,1,"T0_T12","c_Viruses","Diff",-46410.80312722,-556929.637526629,327603.345122237,NA,"LM_AR"
"NJ2020",3,1,"T0_T12","c_Viruses","Diff",-46410.8031272204,-556929.637526645,155976.058841828,0.028666161707128,"LM_AR_DIFF"
"NJ2020",3,1,"T0_T12","c_Viruses","Diff",-46410.803127222,-556929.637526664,155976.058841829,0.0286661617071298,"LM_AR_DIFF_LMER"
"NJ2020",3,1,"T0_T12","c_Viruses","Diff",-207533.759772578,-1233432.83582093,NA,NA,"VPCL_SR_AVG"
"NJ2020",3,1,"T0_T12","c_Viruses","Diff",-402871.357498229,-891087.420042666,NA,NA,"VPCL_AR"
"NJ2020",3,1,"T0_T12","c_Viruses","Diff",0,0,0,NA,"VPCL_AR_SE"
"NJ2020",3,1,"T0_T12","c_Viruses","Diff",701975.835110157,4211855.01066094,NA,NA,"VPCL_AR_DIFF"
"NJ2020",3,1,"T0_T12","c_Viruses","Diff",0,0,0,NA,"VPCL_AR_DIFF_SE"
"NJ2020",3,1,"T0_T12","c_Viruses","Diff",701975.835110158,4211855.01066095,NA,NA,"VPCL_AR_DIFF_LMER"
"NJ2020",3,1,"T0_T12","c_Viruses","Diff",890604.122245903,2671812.36673771,778846.417470886,NA,"VPCL_AR_DIFF_LMER_SE"
"NJ2020",4,1,"T0_T3","c_Viruses","Diff",-629140.014214635,-1887420.04264391,411345.451109718,NA,"LM_ALLPOINTS"
"NJ2020",4,1,"T0_T3","c_Viruses","Diff",-629140.014214634,-1887420.0426439,338147.478192722,NA,"LM_SR_AVG"
"NJ2020",4,1,"T0_T3","c_Viruses","Diff",-629140.014214633,-1887420.0426439,NA,NA,"LM_AR"
"NJ2020",4,1,"T0_T3","c_Viruses","Diff",-629140.014214633,-1887420.0426439,NA,1,"LM_AR_DIFF"
"NJ2020",4,1,"T0_T3","c_Viruses","Diff",-629140.014214634,-1887420.0426439,NA,1,"LM_AR_DIFF_LMER"
"NJ2020",4,1,"T0_T3","c_Viruses","Diff",-387917.555081723,-1163752.66524517,NA,NA,"VPCL_SR_AVG"
"NJ2020",4,1,"T0_T3","c_Viruses","Diff",-422601.279317689,-1267803.83795307,NA,NA,"VPCL_AR"
"NJ2020",4,1,"T0_T3","c_Viruses","Diff",-422601.279317689,-1267803.83795307,163556.6752466,NA,"VPCL_AR_SE"
"NJ2020",4,1,"T0_T3","c_Viruses","Diff",0,0,NA,NA,"VPCL_AR_DIFF"
"NJ2020",4,1,"T0_T3","c_Viruses","Diff",0,0,0,NA,"VPCL_AR_DIFF_SE"
"NJ2020",4,1,"T0_T3","c_Viruses","Diff",0,0,NA,NA,"VPCL_AR_DIFF_LMER"
"NJ2020",4,1,"T0_T3","c_Viruses","Diff",0,0,0,NA,"VPCL_AR_DIFF_LMER_SE"
"NJ2020",5,1,"T0_T24","c_Viruses","Diff",-276057.213930347,-6625373.13432833,111210.44987427,NA,"LM_ALLPOINTS"
"NJ2020",5,1,"T0_T24","c_Viruses","Diff",-276057.213930347,-6625373.13432833,57142.0330454897,NA,"LM_SR_AVG"
"NJ2020",5,1,"T0_T24","c_Viruses","Diff",-276057.213930348,-6625373.13432834,123429.861644432,NA,"LM_AR"
"NJ2020",5,1,"T0_T24","c_Viruses","Diff",-276057.213930347,-6625373.13432834,97290.0596539543,0.668083176756787,"LM_AR_DIFF"
"NJ2020",5,1,"T0_T24","c_Viruses","Diff",-276057.21393035,-6625373.13432839,97290.0596539548,0.668083176756789,"LM_AR_DIFF_LMER"
"NJ2020",5,1,"T0_T24","c_Viruses","Diff",-449737.029140012,-5014712.1535181,NA,NA,"VPCL_SR_AVG"
"NJ2020",5,1,"T0_T24","c_Viruses","Diff",-380703.62473347,-2894456.28997864,NA,NA,"VPCL_AR"
"NJ2020",5,1,"T0_T24","c_Viruses","Diff",-740227.434257278,-2220682.30277183,562173.781670982,NA,"VPCL_AR_SE"
"NJ2020",5,1,"T0_T24","c_Viruses","Diff",912722.103766877,2738166.31130063,NA,NA,"VPCL_AR_DIFF"
"NJ2020",5,1,"T0_T24","c_Viruses","Diff",0,0,0,NA,"VPCL_AR_DIFF_SE"
"NJ2020",5,1,"T0_T24","c_Viruses","Diff",912722.103766872,2738166.31130061,NA,NA,"VPCL_AR_DIFF_LMER"
"NJ2020",5,1,"T0_T24","c_Viruses","Diff",0,0,0,NA,"VPCL_AR_DIFF_LMER_SE"
"NJ2020",6,1,"T0_T24","c_Viruses","Diff",-189767.235252312,-4554413.64605551,243684.087896442,NA,"LM_ALLPOINTS"
"NJ2020",6,1,"T0_T24","c_Viruses","Diff",-189767.235252313,-4554413.64605552,77656.4761195463,NA,"LM_SR_AVG"
"NJ2020",6,1,"T0_T24","c_Viruses","Diff",-189767.235252313,-4554413.64605551,303316.193322981,NA,"LM_AR"
"NJ2020",6,1,"T0_T24","c_Viruses","Diff",-189767.235252313,-4554413.64605551,64978.0055834049,0.680746482576114,"LM_AR_DIFF"
"NJ2020",6,1,"T0_T24","c_Viruses","Diff",-189767.235252312,-4554413.64605549,64978.0055834052,0.68074648257611,"LM_AR_DIFF_LMER"
"NJ2020",6,1,"T0_T24","c_Viruses","Diff",1463468.3724236,-979104.4776119,NA,NA,"VPCL_SR_AVG"
"NJ2020",6,1,"T0_T24","c_Viruses","Diff",752082.444918258,-2010021.32196164,NA,NA,"VPCL_AR"
"NJ2020",6,1,"T0_T24","c_Viruses","Diff",0,0,0,NA,"VPCL_AR_SE"
"NJ2020",6,1,"T0_T24","c_Viruses","Diff",454442.075337596,2726652.45202558,NA,NA,"VPCL_AR_DIFF"
"NJ2020",6,1,"T0_T24","c_Viruses","Diff",0,0,0,NA,"VPCL_AR_DIFF_SE"
"NJ2020",6,1,"T0_T24","c_Viruses","Diff",454442.075337604,2726652.45202562,NA,NA,"VPCL_AR_DIFF_LMER"
"NJ2020",6,1,"T0_T24","c_Viruses","Diff",0,0,0,NA,"VPCL_AR_DIFF_LMER_SE"
"NJ2020",7,1,"T0_T12","c_Viruses","Diff",70371.0021321963,844452.025586356,82541.5557151217,NA,"LM_ALLPOINTS"
"NJ2020",7,1,"T0_T12","c_Viruses","Diff",70371.0021321962,844452.025586353,25176.3549588552,NA,"LM_SR_AVG"
"NJ2020",7,1,"T0_T12","c_Viruses","Diff",70371.0021321964,844452.025586357,107382.410508546,NA,"LM_AR"
"NJ2020",7,1,"T0_T12","c_Viruses","Diff",70371.0021321963,844452.025586356,85288.4183981457,0.184955557520625,"LM_AR_DIFF"
"NJ2020",7,1,"T0_T12","c_Viruses","Diff",70371.0021321956,844452.025586348,85288.4183981457,0.184955557520623,"LM_AR_DIFF_LMER"
"NJ2020",7,1,"T0_T12","c_Viruses","Diff",-243880.597014926,-1431385.92750533,NA,NA,"VPCL_SR_AVG"
"NJ2020",7,1,"T0_T12","c_Viruses","Diff",-91911.869225303,-1136375.26652452,NA,NA,"VPCL_AR"
"NJ2020",7,1,"T0_T12","c_Viruses","Diff",-242587.064676618,-727761.194029854,246656.510460073,NA,"VPCL_AR_SE"
"NJ2020",7,1,"T0_T12","c_Viruses","Diff",340056.858564322,2040341.15138593,NA,NA,"VPCL_AR_DIFF"
"NJ2020",7,1,"T0_T12","c_Viruses","Diff",0,0,0,NA,"VPCL_AR_DIFF_SE"
"NJ2020",7,1,"T0_T12","c_Viruses","Diff",340056.858564322,2040341.15138593,NA,NA,"VPCL_AR_DIFF_LMER"
"NJ2020",7,1,"T0_T12","c_Viruses","Diff",389168.443496804,1167505.33049041,357443.60392747,NA,"VPCL_AR_DIFF_LMER_SE"
"NJ2020",1,1,"T0_T17","c_V1","Diff",141109.369766415,2398859.28602906,75039.0902076648,NA,"LM_ALLPOINTS"
"NJ2020",1,1,"T0_T17","c_V1","Diff",141109.369766415,2398859.28602906,15943.0304887736,NA,"LM_SR_AVG"
"NJ2020",1,1,"T0_T17","c_V1","Diff",141109.369766415,2398859.28602906,139558.873622919,NA,"LM_AR"
"NJ2020",1,1,"T0_T17","c_V1","Diff",141109.369766415,2398859.28602906,138093.055358974,0.343004815801565,"LM_AR_DIFF"
"NJ2020",1,1,"T0_T17","c_V1","Diff",141109.369766415,2398859.28602906,138093.055358974,0.343004815801565,"LM_AR_DIFF_LMER"
"NJ2020",1,1,"T0_T17","c_V1","Diff",-67666.9301801313,-489268.391573027,NA,NA,"VPCL_SR_AVG"
"NJ2020",1,1,"T0_T17","c_V1","Diff",-76044.0800866772,-649138.278768081,NA,NA,"VPCL_AR"
"NJ2020",1,1,"T0_T17","c_V1","Diff",53630.710440272,-947051.448533584,211437.214423269,NA,"VPCL_AR_SE"
"NJ2020",1,1,"T0_T17","c_V1","Diff",616552.933385543,3699317.60031326,NA,NA,"VPCL_AR_DIFF"
"NJ2020",1,1,"T0_T17","c_V1","Diff",1152888.45343167,3458665.360295,299881.030804235,NA,"VPCL_AR_DIFF_SE"
"NJ2020",1,1,"T0_T17","c_V1","Diff",616552.933385542,3699317.60031325,NA,NA,"VPCL_AR_DIFF_LMER"
"NJ2020",1,1,"T0_T17","c_V1","Diff",1152888.45343167,3458665.360295,200399.624938195,NA,"VPCL_AR_DIFF_LMER_SE"
"NJ2020",2,1,"T0_T6","c_V1","Diff",1589579.41153737,9537476.46922421,857997.106010594,NA,"LM_ALLPOINTS"
"NJ2020",2,1,"T0_T6","c_V1","Diff",1589579.41153737,9537476.4692242,945989.84574537,NA,"LM_SR_AVG"
"NJ2020",2,1,"T0_T6","c_V1","Diff",1589579.41153736,9537476.46922421,829969.981779702,NA,"LM_AR"
"NJ2020",2,1,"T0_T6","c_V1","Diff",1589579.41153737,9537476.4692242,660812.71775112,0.852646243981945,"LM_AR_DIFF"
"NJ2020",2,1,"T0_T6","c_V1","Diff",1589579.41153736,9537476.46922416,660812.717751125,0.852646243981942,"LM_AR_DIFF_LMER"
"NJ2020",2,1,"T0_T6","c_V1","Diff",2329065.52324986,6987196.56974957,NA,NA,"VPCL_SR_AVG"
"NJ2020",2,1,"T0_T6","c_V1","Diff",2305564.04170398,6916692.12511193,NA,NA,"VPCL_AR"
"NJ2020",2,1,"T0_T6","c_V1","Diff",2305564.04170398,6916692.12511193,1965849.5225767,NA,"VPCL_AR_SE"
"NJ2020",2,1,"T0_T6","c_V1","Diff",1589579.41153737,9537476.4692242,NA,NA,"VPCL_AR_DIFF"
"NJ2020",2,1,"T0_T6","c_V1","Diff",1589579.41153737,9537476.4692242,1166874.9094536,NA,"VPCL_AR_DIFF_SE"
"NJ2020",2,1,"T0_T6","c_V1","Diff",1589579.41153736,9537476.46922415,NA,NA,"VPCL_AR_DIFF_LMER"
"NJ2020",2,1,"T0_T6","c_V1","Diff",2734140.61296998,8202421.83890994,2254410.93495908,NA,"VPCL_AR_DIFF_LMER_SE"
"NJ2020",3,1,"T0_T12","c_V1","Diff",-100093.92262541,-1201127.07150492,215294.292512236,NA,"LM_ALLPOINTS"
"NJ2020",3,1,"T0_T12","c_V1","Diff",-100093.922625411,-1201127.07150493,155969.708603877,NA,"LM_SR_AVG"
"NJ2020",3,1,"T0_T12","c_V1","Diff",-100093.92262541,-1201127.07150492,338663.539797181,NA,"LM_AR"
"NJ2020",3,1,"T0_T12","c_V1","Diff",-100093.92262541,-1201127.07150492,150449.00106945,0.128572169632233,"LM_AR_DIFF"
"NJ2020",3,1,"T0_T12","c_V1","Diff",-100093.922625412,-1201127.07150495,150449.00106945,0.128572169632237,"LM_AR_DIFF_LMER"
"NJ2020",3,1,"T0_T12","c_V1","Diff",-321264.294597094,-1966114.23342067,NA,NA,"VPCL_SR_AVG"
"NJ2020",3,1,"T0_T12","c_V1","Diff",-660081.154413344,-1580722.84372163,NA,NA,"VPCL_AR"
"NJ2020",3,1,"T0_T12","c_V1","Diff",-793254.694252811,-2379764.08275843,481593.723710366,NA,"VPCL_AR_SE"
"NJ2020",3,1,"T0_T12","c_V1","Diff",657705.262847996,3946231.57708798,NA,NA,"VPCL_AR_DIFF"
"NJ2020",3,1,"T0_T12","c_V1","Diff",0,0,0,NA,"VPCL_AR_DIFF_SE"
"NJ2020",3,1,"T0_T12","c_V1","Diff",657705.262847998,3946231.57708799,NA,NA,"VPCL_AR_DIFF_LMER"
"NJ2020",3,1,"T0_T12","c_V1","Diff",854179.037294792,2562537.11188438,719033.917660783,NA,"VPCL_AR_DIFF_LMER_SE"
"NJ2020",4,1,"T0_T3","c_V1","Diff",-642211.3018869,-1926633.9056607,442376.851189349,NA,"LM_ALLPOINTS"
"NJ2020",4,1,"T0_T3","c_V1","Diff",-642211.301886899,-1926633.9056607,350977.325349034,NA,"LM_SR_AVG"
"NJ2020",4,1,"T0_T3","c_V1","Diff",-642211.301886898,-1926633.9056607,NA,NA,"LM_AR"
"NJ2020",4,1,"T0_T3","c_V1","Diff",-642211.3018869,-1926633.9056607,NA,1,"LM_AR_DIFF"
"NJ2020",4,1,"T0_T3","c_V1","Diff",-642211.301886895,-1926633.90566069,NA,1,"LM_AR_DIFF_LMER"
"NJ2020",4,1,"T0_T3","c_V1","Diff",-419203.9135637,-1257611.7406911,NA,NA,"VPCL_SR_AVG"
"NJ2020",4,1,"T0_T3","c_V1","Diff",-494813.866653989,-1484441.59996197,NA,NA,"VPCL_AR"
"NJ2020",4,1,"T0_T3","c_V1","Diff",-494813.866653989,-1484441.59996197,165821.913245805,NA,"VPCL_AR_SE"
"NJ2020",4,1,"T0_T3","c_V1","Diff",0,0,NA,NA,"VPCL_AR_DIFF"
"NJ2020",4,1,"T0_T3","c_V1","Diff",0,0,0,NA,"VPCL_AR_DIFF_SE"
"NJ2020",4,1,"T0_T3","c_V1","Diff",0,0,NA,NA,"VPCL_AR_DIFF_LMER"
"NJ2020",4,1,"T0_T3","c_V1","Diff",0,0,0,NA,"VPCL_AR_DIFF_LMER_SE"
"NJ2020",5,1,"T0_T24","c_V1","Diff",-243967.009516133,-5855208.2283872,106438.104136081,NA,"LM_ALLPOINTS"
"NJ2020",5,1,"T0_T24","c_V1","Diff",-243967.009516134,-5855208.2283872,61260.8284258047,NA,"LM_SR_AVG"
"NJ2020",5,1,"T0_T24","c_V1","Diff",-243967.009516133,-5855208.22838721,116672.679892014,NA,"LM_AR"
"NJ2020",5,1,"T0_T24","c_V1","Diff",-243967.009516134,-5855208.22838721,95933.6790650444,0.617855886289822,"LM_AR_DIFF"
"NJ2020",5,1,"T0_T24","c_V1","Diff",-243967.009516137,-5855208.2283873,95933.679065045,0.617855886289826,"LM_AR_DIFF_LMER"
"NJ2020",5,1,"T0_T24","c_V1","Diff",-273009.555499942,-5077109.47332223,NA,NA,"VPCL_SR_AVG"
"NJ2020",5,1,"T0_T24","c_V1","Diff",-420732.398316648,-3445018.47647523,NA,NA,"VPCL_AR"
"NJ2020",5,1,"T0_T24","c_V1","Diff",-945680.180184111,-2837040.54055233,442398.979108407,NA,"VPCL_AR_SE"
"NJ2020",5,1,"T0_T24","c_V1","Diff",505694.537721094,3034167.22632656,NA,NA,"VPCL_AR_DIFF"
"NJ2020",5,1,"T0_T24","c_V1","Diff",0,0,0,NA,"VPCL_AR_DIFF_SE"
"NJ2020",5,1,"T0_T24","c_V1","Diff",505694.537721067,3034167.2263264,NA,NA,"VPCL_AR_DIFF_LMER"
"NJ2020",5,1,"T0_T24","c_V1","Diff",994609.537755589,2983828.61326677,947661.592543392,NA,"VPCL_AR_DIFF_LMER_SE"
"NJ2020",6,1,"T0_T24","c_V1","Diff",-176775.532294122,-4242612.77505892,207333.473631386,NA,"LM_ALLPOINTS"
"NJ2020",6,1,"T0_T24","c_V1","Diff",-176775.532294122,-4242612.77505893,77431.9598531611,NA,"LM_SR_AVG"
"NJ2020",6,1,"T0_T24","c_V1","Diff",-176775.532294122,-4242612.77505892,254051.607377309,NA,"LM_AR"
"NJ2020",6,1,"T0_T24","c_V1","Diff",-176775.532294122,-4242612.77505892,58455.1806984498,0.695708896198998,"LM_AR_DIFF"
"NJ2020",6,1,"T0_T24","c_V1","Diff",-176775.532294122,-4242612.77505893,58455.1806984499,0.695708896198999,"LM_AR_DIFF_LMER"
"NJ2020",6,1,"T0_T24","c_V1","Diff",1097061.09660267,-1079201.45555483,NA,NA,"VPCL_SR_AVG"
"NJ2020",6,1,"T0_T24","c_V1","Diff",734227.796836899,-1273154.9552762,NA,NA,"VPCL_AR"
"NJ2020",6,1,"T0_T24","c_V1","Diff",0,0,0,NA,"VPCL_AR_SE"
"NJ2020",6,1,"T0_T24","c_V1","Diff",401768.571081884,2410611.42649131,NA,NA,"VPCL_AR_DIFF"
"NJ2020",6,1,"T0_T24","c_V1","Diff",0,0,0,NA,"VPCL_AR_DIFF_SE"
"NJ2020",6,1,"T0_T24","c_V1","Diff",401768.571081883,2410611.4264913,NA,NA,"VPCL_AR_DIFF_LMER"
"NJ2020",6,1,"T0_T24","c_V1","Diff",0,0,0,NA,"VPCL_AR_DIFF_LMER_SE"
"NJ2020",7,1,"T0_T12","c_V1","Diff",62786.4227143128,753437.072571753,78285.0245694908,NA,"LM_ALLPOINTS"
"NJ2020",7,1,"T0_T12","c_V1","Diff",62786.4227143126,753437.072571754,24581.1641007218,NA,"LM_SR_AVG"
"NJ2020",7,1,"T0_T12","c_V1","Diff",62786.4227143126,753437.072571751,100960.147249448,NA,"LM_AR"
"NJ2020",7,1,"T0_T12","c_V1","Diff",62786.4227143127,753437.072571752,80546.8436818885,0.16842759270101,"LM_AR_DIFF"
"NJ2020",7,1,"T0_T12","c_V1","Diff",62786.4227143121,753437.072571745,80546.8436818886,0.168427592701008,"LM_AR_DIFF_LMER"
"NJ2020",7,1,"T0_T12","c_V1","Diff",-222258.442125617,-1323820.54385845,NA,NA,"VPCL_SR_AVG"
"NJ2020",7,1,"T0_T12","c_V1","Diff",-90710.957322163,-1099162.64299377,NA,NA,"VPCL_AR"
"NJ2020",7,1,"T0_T12","c_V1","Diff",-238780.839367823,-716342.518103473,233348.523076975,NA,"VPCL_AR_SE"
"NJ2020",7,1,"T0_T12","c_V1","Diff",314365.1387288,1886190.8323728,NA,NA,"VPCL_AR_DIFF"
"NJ2020",7,1,"T0_T12","c_V1","Diff",0,0,0,NA,"VPCL_AR_DIFF_SE"
"NJ2020",7,1,"T0_T12","c_V1","Diff",314365.1387288,1886190.8323728,NA,NA,"VPCL_AR_DIFF_LMER"
"NJ2020",7,1,"T0_T12","c_V1","Diff",342479.508408712,1027438.52522614,338508.13182491,NA,"VPCL_AR_DIFF_LMER_SE"
"NJ2020",1,1,"T0_T17","c_V2","Diff",26845.9003399495,456380.305779142,14047.051887366,NA,"LM_ALLPOINTS"
"NJ2020",1,1,"T0_T17","c_V2","Diff",26845.9003399495,456380.305779142,1652.80839677298,NA,"LM_SR_AVG"
"NJ2020",1,1,"T0_T17","c_V2","Diff",26845.9003399495,456380.305779142,24532.5596958331,NA,"LM_AR"
"NJ2020",1,1,"T0_T17","c_V2","Diff",26845.9003399495,456380.305779142,23350.7051389351,0.397911385972388,"LM_AR_DIFF"
"NJ2020",1,1,"T0_T17","c_V2","Diff",26845.9003399496,456380.305779143,23350.7051389351,0.397911385972389,"LM_AR_DIFF_LMER"
"NJ2020",1,1,"T0_T17","c_V2","Diff",300.790669133494,-56944.657969175,NA,NA,"VPCL_SR_AVG"
"NJ2020",1,1,"T0_T17","c_V2","Diff",-9690.0437524649,-92653.445304418,NA,NA,"VPCL_AR"
"NJ2020",1,1,"T0_T17","c_V2","Diff",-14335.7224100299,-157692.946510328,6158.11205813336,NA,"VPCL_AR_SE"
"NJ2020",1,1,"T0_T17","c_V2","Diff",210318.867816736,630956.603450208,NA,NA,"VPCL_AR_DIFF"
"NJ2020",1,1,"T0_T17","c_V2","Diff",210318.867816736,630956.603450208,73126.6737620195,NA,"VPCL_AR_DIFF_SE"
"NJ2020",1,1,"T0_T17","c_V2","Diff",210318.867816736,630956.603450208,NA,NA,"VPCL_AR_DIFF_LMER"
"NJ2020",1,1,"T0_T17","c_V2","Diff",210318.867816736,630956.603450208,43197.9811709709,NA,"VPCL_AR_DIFF_LMER_SE"
"NJ2020",2,1,"T0_T6","c_V2","Diff",135024.766185363,810148.597112184,43655.0906930009,NA,"LM_ALLPOINTS"
"NJ2020",2,1,"T0_T6","c_V2","Diff",135024.766185363,810148.597112179,37194.5968640269,NA,"LM_SR_AVG"
"NJ2020",2,1,"T0_T6","c_V2","Diff",135024.766185363,810148.597112182,73569.148546886,NA,"LM_AR"
"NJ2020",2,1,"T0_T6","c_V2","Diff",135024.766185363,810148.597112179,22436.7581407346,0.973130208319555,"LM_AR_DIFF"
"NJ2020",2,1,"T0_T6","c_V2","Diff",135024.766185364,810148.597112185,22436.758140734,0.973130208319557,"LM_AR_DIFF_LMER"
"NJ2020",2,1,"T0_T6","c_V2","Diff",15024.7870284611,45074.3610853833,NA,NA,"VPCL_SR_AVG"
"NJ2020",2,1,"T0_T6","c_V2","Diff",0,0,NA,NA,"VPCL_AR"
"NJ2020",2,1,"T0_T6","c_V2","Diff",0,0,0,NA,"VPCL_AR_SE"
"NJ2020",2,1,"T0_T6","c_V2","Diff",135024.766185363,810148.597112179,NA,NA,"VPCL_AR_DIFF"
"NJ2020",2,1,"T0_T6","c_V2","Diff",135024.766185363,810148.597112179,55007.9692415398,NA,"VPCL_AR_DIFF_SE"
"NJ2020",2,1,"T0_T6","c_V2","Diff",135024.766185364,810148.597112184,NA,NA,"VPCL_AR_DIFF_LMER"
"NJ2020",2,1,"T0_T6","c_V2","Diff",135024.766185364,810148.597112184,35178.5432329775,NA,"VPCL_AR_DIFF_LMER_SE"
"NJ2020",3,1,"T0_T12","c_V2","Diff",53268.7782717981,639225.339261577,45933.7196882245,NA,"LM_ALLPOINTS"
"NJ2020",3,1,"T0_T12","c_V2","Diff",53268.7782717982,639225.339261575,68114.868440964,NA,"LM_SR_AVG"
"NJ2020",3,1,"T0_T12","c_V2","Diff",53268.7782717982,639225.339261577,35464.0984808327,NA,"LM_AR"
"NJ2020",3,1,"T0_T12","c_V2","Diff",53268.7782717981,639225.339261577,33703.8144386647,0.454344140191549,"LM_AR_DIFF"
"NJ2020",3,1,"T0_T12","c_V2","Diff",53268.7782717977,639225.339261573,33703.8144386645,0.454344140191549,"LM_AR_DIFF_LMER"
"NJ2020",3,1,"T0_T12","c_V2","Diff",-11934.865579505,-103209.478777257,NA,NA,"VPCL_SR_AVG"
"NJ2020",3,1,"T0_T12","c_V2","Diff",-26552.1541246144,-79656.4623738432,NA,NA,"VPCL_AR"
"NJ2020",3,1,"T0_T12","c_V2","Diff",-26552.1541246144,-79656.4623738432,11978.9013001349,NA,"VPCL_AR_SE"
"NJ2020",3,1,"T0_T12","c_V2","Diff",99071.5717182345,1063875.54324823,NA,NA,"VPCL_AR_DIFF"
"NJ2020",3,1,"T0_T12","c_V2","Diff",51564.2440056033,154692.73201681,24328.7786113376,NA,"VPCL_AR_DIFF_SE"
"NJ2020",3,1,"T0_T12","c_V2","Diff",99071.571718234,1063875.54324822,NA,NA,"VPCL_AR_DIFF_LMER"
"NJ2020",3,1,"T0_T12","c_V2","Diff",0,0,0,NA,"VPCL_AR_DIFF_LMER_SE"
"NJ2020",4,1,"T0_T3","c_V2","Diff",2516.7688694185,7550.306608256,70691.4716982838,NA,"LM_ALLPOINTS"
"NJ2020",4,1,"T0_T3","c_V2","Diff",2516.76886941919,7550.30660825735,23673.8209219756,NA,"LM_SR_AVG"
"NJ2020",4,1,"T0_T3","c_V2","Diff",2516.7688694192,7550.306608258,NA,NA,"LM_AR"
"NJ2020",4,1,"T0_T3","c_V2","Diff",2516.76886941889,7550.30660825668,NA,1,"LM_AR_DIFF"
"NJ2020",4,1,"T0_T3","c_V2","Diff",2516.76886942021,7550.30660826063,NA,1,"LM_AR_DIFF_LMER"
"NJ2020",4,1,"T0_T3","c_V2","Diff",0,0,NA,NA,"VPCL_SR_AVG"
"NJ2020",4,1,"T0_T3","c_V2","Diff",0,0,NA,NA,"VPCL_AR"
"NJ2020",4,1,"T0_T3","c_V2","Diff",0,0,0,NA,"VPCL_AR_SE"
"NJ2020",4,1,"T0_T3","c_V2","Diff",2516.76886941881,7550.30660825642,NA,NA,"VPCL_AR_DIFF"
"NJ2020",4,1,"T0_T3","c_V2","Diff",0,0,0,NA,"VPCL_AR_DIFF_SE"
"NJ2020",4,1,"T0_T3","c_V2","Diff",2516.76886941989,7550.30660825968,NA,NA,"VPCL_AR_DIFF_LMER"
"NJ2020",4,1,"T0_T3","c_V2","Diff",0,0,0,NA,"VPCL_AR_DIFF_LMER_SE"
"NJ2020",5,1,"T0_T24","c_V2","Diff",-30085.2660713639,-722046.385712733,16774.0130903841,NA,"LM_ALLPOINTS"
"NJ2020",5,1,"T0_T24","c_V2","Diff",-30085.2660713638,-722046.385712733,9999.9406644311,NA,"LM_SR_AVG"
"NJ2020",5,1,"T0_T24","c_V2","Diff",-30085.2660713637,-722046.385712732,22190.3186820389,NA,"LM_AR"
"NJ2020",5,1,"T0_T24","c_V2","Diff",-30085.2660713638,-722046.385712731,6652.93651007285,0.836396924665589,"LM_AR_DIFF"
"NJ2020",5,1,"T0_T24","c_V2","Diff",-30085.2660713638,-722046.385712731,6652.93651007279,0.836396924665591,"LM_AR_DIFF_LMER"
"NJ2020",5,1,"T0_T24","c_V2","Diff",-29842.5946215554,-352282.444427816,NA,NA,"VPCL_SR_AVG"
"NJ2020",5,1,"T0_T24","c_V2","Diff",-39283.8265300562,-309990.722920381,NA,NA,"VPCL_AR"
"NJ2020",5,1,"T0_T24","c_V2","Diff",-106623.453750419,-319870.361251256,75572.0759866933,NA,"VPCL_AR_SE"
"NJ2020",5,1,"T0_T24","c_V2","Diff",0,0,NA,NA,"VPCL_AR_DIFF"
"NJ2020",5,1,"T0_T24","c_V2","Diff",0,0,0,NA,"VPCL_AR_DIFF_SE"
"NJ2020",5,1,"T0_T24","c_V2","Diff",0,0,NA,NA,"VPCL_AR_DIFF_LMER"
"NJ2020",5,1,"T0_T24","c_V2","Diff",0,0,0,NA,"VPCL_AR_DIFF_LMER_SE"
"NJ2020",6,1,"T0_T24","c_V2","Diff",-6997.7619987928,-167946.287971027,37131.3946095679,NA,"LM_ALLPOINTS"
"NJ2020",6,1,"T0_T24","c_V2","Diff",-6997.76199879278,-167946.287971027,21665.4990525434,NA,"LM_SR_AVG"
"NJ2020",6,1,"T0_T24","c_V2","Diff",-6997.7619987929,-167946.287971029,42389.8036268105,NA,"LM_AR"
"NJ2020",6,1,"T0_T24","c_V2","Diff",-6997.76199879283,-167946.287971028,8216.55595089533,0.153499189969002,"LM_AR_DIFF"
"NJ2020",6,1,"T0_T24","c_V2","Diff",-6997.76199879279,-167946.287971027,8216.55595089531,0.153499189969001,"LM_AR_DIFF_LMER"
"NJ2020",6,1,"T0_T24","c_V2","Diff",228682.022630771,-121884.179700217,NA,NA,"VPCL_SR_AVG"
"NJ2020",6,1,"T0_T24","c_V2","Diff",-28455.6060446833,-426834.090670251,NA,NA,"VPCL_AR"
"NJ2020",6,1,"T0_T24","c_V2","Diff",0,0,0,NA,"VPCL_AR_SE"
"NJ2020",6,1,"T0_T24","c_V2","Diff",56180.2856894105,337081.714136463,NA,NA,"VPCL_AR_DIFF"
"NJ2020",6,1,"T0_T24","c_V2","Diff",0,0,0,NA,"VPCL_AR_DIFF_SE"
"NJ2020",6,1,"T0_T24","c_V2","Diff",56180.2856894103,337081.714136462,NA,NA,"VPCL_AR_DIFF_LMER"
"NJ2020",6,1,"T0_T24","c_V2","Diff",0,0,0,NA,"VPCL_AR_DIFF_LMER_SE"
"NJ2020",7,1,"T0_T12","c_V2","Diff",5406.96446816456,64883.5736179748,5593.37979488952,NA,"LM_ALLPOINTS"
"NJ2020",7,1,"T0_T12","c_V2","Diff",5406.96446816455,64883.5736179746,2837.555895514,NA,"LM_SR_AVG"
"NJ2020",7,1,"T0_T12","c_V2","Diff",5406.96446816457,64883.5736179748,6910.50283299061,NA,"LM_AR"
"NJ2020",7,1,"T0_T12","c_V2","Diff",5406.96446816456,64883.5736179747,5329.08273053684,0.25548013701895,"LM_AR_DIFF"
"NJ2020",7,1,"T0_T12","c_V2","Diff",5406.96446816483,64883.573617978,5329.08273053677,0.255480137018975,"LM_AR_DIFF_LMER"
"NJ2020",7,1,"T0_T12","c_V2","Diff",NA,NA,NA,NA,"VPCL_SR_AVG"
"NJ2020",7,1,"T0_T12","c_V2","Diff",2302.8137304155,-38276.6865119579,NA,NA,"VPCL_AR"
"NJ2020",7,1,"T0_T12","c_V2","Diff",-3216.1963308031,-9648.5889924093,23147.3024058837,NA,"VPCL_AR_SE"
"NJ2020",7,1,"T0_T12","c_V2","Diff",22765.5496182681,136593.297709609,NA,NA,"VPCL_AR_DIFF"
"NJ2020",7,1,"T0_T12","c_V2","Diff",34816.2591451701,104448.77743551,34098.7414060102,NA,"VPCL_AR_DIFF_SE"
"NJ2020",7,1,"T0_T12","c_V2","Diff",22765.5496182681,136593.297709609,NA,NA,"VPCL_AR_DIFF_LMER"
"NJ2020",7,1,"T0_T12","c_V2","Diff",34816.2591451701,104448.77743551,23978.699183588,NA,"VPCL_AR_DIFF_LMER_SE"
"NJ2020",1,1,"T0_T17","c_V3","Diff",17641.9386550233,299912.957135397,8586.86380650573,NA,"LM_ALLPOINTS"
"NJ2020",1,1,"T0_T17","c_V3","Diff",17641.9386550233,299912.957135397,3397.60718197459,NA,"LM_SR_AVG"
"NJ2020",1,1,"T0_T17","c_V3","Diff",17641.9386550234,299912.957135397,14835.2790612526,NA,"LM_AR"
"NJ2020",1,1,"T0_T17","c_V3","Diff",17641.9386550233,299912.957135397,14737.8485331148,0.417406986639776,"LM_AR_DIFF"
"NJ2020",1,1,"T0_T17","c_V3","Diff",17641.9386550233,299912.957135396,14737.8485331148,0.417406986639774,"LM_AR_DIFF_LMER"
"NJ2020",1,1,"T0_T17","c_V3","Diff",22148.1390301272,22552.7521108697,NA,NA,"VPCL_SR_AVG"
"NJ2020",1,1,"T0_T17","c_V3","Diff",-5533.78336362536,-48785.6948478367,NA,NA,"VPCL_AR"
"NJ2020",1,1,"T0_T17","c_V3","Diff",-7853.63288002475,-86389.9616802723,3562.20454386817,NA,"VPCL_AR_SE"
"NJ2020",1,1,"T0_T17","c_V3","Diff",138285.216065032,414855.648195095,NA,NA,"VPCL_AR_DIFF"
"NJ2020",1,1,"T0_T17","c_V3","Diff",138285.216065032,414855.648195095,36971.4805060565,NA,"VPCL_AR_DIFF_SE"
"NJ2020",1,1,"T0_T17","c_V3","Diff",138285.216065032,414855.648195095,NA,NA,"VPCL_AR_DIFF_LMER"
"NJ2020",1,1,"T0_T17","c_V3","Diff",138285.216065032,414855.648195095,29589.9446270433,NA,"VPCL_AR_DIFF_LMER_SE"
"NJ2020",2,1,"T0_T6","c_V3","Diff",21522.3325828828,129133.995497297,9730.42247712158,NA,"LM_ALLPOINTS"
"NJ2020",2,1,"T0_T6","c_V3","Diff",21522.3325828828,129133.995497297,14375.948387312,NA,"LM_SR_AVG"
"NJ2020",2,1,"T0_T6","c_V3","Diff",21522.3325828829,129133.995497297,2726.88908171837,NA,"LM_AR"
"NJ2020",2,1,"T0_T6","c_V3","Diff",21522.3325828828,129133.995497297,2000.77872865133,0.991431942864539,"LM_AR_DIFF"
"NJ2020",2,1,"T0_T6","c_V3","Diff",21522.3325828829,129133.995497297,2000.77872865134,0.991431942864539,"LM_AR_DIFF_LMER"
"NJ2020",2,1,"T0_T6","c_V3","Diff",10974.3786920283,38530.0065718023,NA,NA,"VPCL_SR_AVG"
"NJ2020",2,1,"T0_T6","c_V3","Diff",3835.70950280076,11507.1285084023,NA,NA,"VPCL_AR"
"NJ2020",2,1,"T0_T6","c_V3","Diff",0,0,0,NA,"VPCL_AR_SE"
"NJ2020",2,1,"T0_T6","c_V3","Diff",21522.3325828828,129133.995497297,NA,NA,"VPCL_AR_DIFF"
"NJ2020",2,1,"T0_T6","c_V3","Diff",0,0,0,NA,"VPCL_AR_DIFF_SE"
"NJ2020",2,1,"T0_T6","c_V3","Diff",21522.3325828829,129133.995497297,NA,NA,"VPCL_AR_DIFF_LMER"
"NJ2020",2,1,"T0_T6","c_V3","Diff",24987.7829956101,74963.3489868302,21096.7632685099,NA,"VPCL_AR_DIFF_LMER_SE"
"NJ2020",3,1,"T0_T12","c_V3","Diff",414.341226393,4972.09471671598,14984.2206545141,NA,"LM_ALLPOINTS"
"NJ2020",3,1,"T0_T12","c_V3","Diff",414.341226392979,4972.09471671627,18748.7190168521,NA,"LM_SR_AVG"
"NJ2020",3,1,"T0_T12","c_V3","Diff",414.341226393,4972.09471671598,17382.8759969706,NA,"LM_AR"
"NJ2020",3,1,"T0_T12","c_V3","Diff",414.341226393005,4972.09471671606,6837.94607437303,0.00122239760765618,"LM_AR_DIFF"
"NJ2020",3,1,"T0_T12","c_V3","Diff",414.341226393318,4972.09471671982,6837.9460743732,0.00122239760765796,"LM_AR_DIFF_LMER"
"NJ2020",3,1,"T0_T12","c_V3","Diff",-3808.6406037214,-42276.9790854556,NA,NA,"VPCL_SR_AVG"
"NJ2020",3,1,"T0_T12","c_V3","Diff",520.554417511899,76071.823709229,NA,NA,"VPCL_AR"
"NJ2020",3,1,"T0_T12","c_V3","Diff",47720.0990752936,143160.297225881,28603.8636688508,NA,"VPCL_AR_SE"
"NJ2020",3,1,"T0_T12","c_V3","Diff",29162.3407360002,174974.044416001,NA,NA,"VPCL_AR_DIFF"
"NJ2020",3,1,"T0_T12","c_V3","Diff",0,0,0,NA,"VPCL_AR_DIFF_SE"
"NJ2020",3,1,"T0_T12","c_V3","Diff",29162.340736001,174974.044416006,NA,NA,"VPCL_AR_DIFF_LMER"
"NJ2020",3,1,"T0_T12","c_V3","Diff",0,0,0,NA,"VPCL_AR_DIFF_LMER_SE"
"NJ2020",4,1,"T0_T3","c_V3","Diff",10554.5188028294,31663.5564084882,22821.7723142511,NA,"LM_ALLPOINTS"
"NJ2020",4,1,"T0_T3","c_V3","Diff",10554.5188028294,31663.5564084884,24483.0789268606,NA,"LM_SR_AVG"
"NJ2020",4,1,"T0_T3","c_V3","Diff",10554.5188028295,31663.5564084885,NA,NA,"LM_AR"
"NJ2020",4,1,"T0_T3","c_V3","Diff",10554.5188028296,31663.5564084887,NA,1,"LM_AR_DIFF"
"NJ2020",4,1,"T0_T3","c_V3","Diff",10554.5188028296,31663.5564084888,NA,1,"LM_AR_DIFF_LMER"
"NJ2020",4,1,"T0_T3","c_V3","Diff",5415.96164062113,16247.8849218634,NA,NA,"VPCL_SR_AVG"
"NJ2020",4,1,"T0_T3","c_V3","Diff",0,0,NA,NA,"VPCL_AR"
"NJ2020",4,1,"T0_T3","c_V3","Diff",0,0,0,NA,"VPCL_AR_SE"
"NJ2020",4,1,"T0_T3","c_V3","Diff",10554.5188028295,31663.5564084884,NA,NA,"VPCL_AR_DIFF"
"NJ2020",4,1,"T0_T3","c_V3","Diff",0,0,0,NA,"VPCL_AR_DIFF_SE"
"NJ2020",4,1,"T0_T3","c_V3","Diff",10554.5188028296,31663.5564084889,NA,NA,"VPCL_AR_DIFF_LMER"
"NJ2020",4,1,"T0_T3","c_V3","Diff",0,0,0,NA,"VPCL_AR_DIFF_LMER_SE"
"NJ2020",5,1,"T0_T24","c_V3","Diff",-2004.93834285009,-48118.5202284021,2337.78906358095,NA,"LM_ALLPOINTS"
"NJ2020",5,1,"T0_T24","c_V3","Diff",-2004.93834285009,-48118.5202284021,2224.98303787883,NA,"LM_SR_AVG"
"NJ2020",5,1,"T0_T24","c_V3","Diff",-2004.9383428501,-48118.5202284024,2132.83986971871,NA,"LM_AR"
"NJ2020",5,1,"T0_T24","c_V3","Diff",-2004.93834285008,-48118.520228402,444.027972892954,0.835987043787963,"LM_AR_DIFF"
"NJ2020",5,1,"T0_T24","c_V3","Diff",-2004.93834285002,-48118.5202284005,444.02797289298,0.835987043787938,"LM_AR_DIFF_LMER"
"NJ2020",5,1,"T0_T24","c_V3","Diff",-925.754631838592,6480.69233755136,NA,NA,"VPCL_SR_AVG"
"NJ2020",5,1,"T0_T24","c_V3","Diff",3540.45056422897,2077.4959835925,NA,NA,"VPCL_AR"
"NJ2020",5,1,"T0_T24","c_V3","Diff",-26.5681516302993,-79.7044548908016,14313.9008225621,NA,"VPCL_AR_SE"
"NJ2020",5,1,"T0_T24","c_V3","Diff",1267.33073799982,7603.98442799889,NA,NA,"VPCL_AR_DIFF"
"NJ2020",5,1,"T0_T24","c_V3","Diff",0,0,0,NA,"VPCL_AR_DIFF_SE"
"NJ2020",5,1,"T0_T24","c_V3","Diff",1267.33073800026,7603.98442800154,NA,NA,"VPCL_AR_DIFF_LMER"
"NJ2020",5,1,"T0_T24","c_V3","Diff",0,0,0,NA,"VPCL_AR_DIFF_LMER_SE"
"NJ2020",6,1,"T0_T24","c_V3","Diff",-5993.94095939677,-143854.583025523,7924.13618613734,NA,"LM_ALLPOINTS"
"NJ2020",6,1,"T0_T24","c_V3","Diff",-5993.94095939677,-143854.583025522,5401.62870961521,NA,"LM_SR_AVG"
"NJ2020",6,1,"T0_T24","c_V3","Diff",-5993.94095939678,-143854.583025523,10813.3882884905,NA,"LM_AR"
"NJ2020",6,1,"T0_T24","c_V3","Diff",-5993.94095939678,-143854.583025523,3966.55516983009,0.363410463671571,"LM_AR_DIFF"
"NJ2020",6,1,"T0_T24","c_V3","Diff",-5993.94095939677,-143854.583025522,3966.55516983009,0.36341046367157,"LM_AR_DIFF_LMER"
"NJ2020",6,1,"T0_T24","c_V3","Diff",-11354.4384142495,-134077.163906452,NA,NA,"VPCL_SR_AVG"
"NJ2020",6,1,"T0_T24","c_V3","Diff",-3866.21376161174,-57993.206424176,NA,NA,"VPCL_AR"
"NJ2020",6,1,"T0_T24","c_V3","Diff",7204.37576725486,86452.5092070583,6196.4284203315,NA,"VPCL_AR_SE"
"NJ2020",6,1,"T0_T24","c_V3","Diff",13719.6285998448,150421.965412877,NA,NA,"VPCL_AR_DIFF"
"NJ2020",6,1,"T0_T24","c_V3","Diff",0,0,0,NA,"VPCL_AR_DIFF_SE"
"NJ2020",6,1,"T0_T24","c_V3","Diff",13719.6285998449,150421.965412878,NA,NA,"VPCL_AR_DIFF_LMER"
"NJ2020",6,1,"T0_T24","c_V3","Diff",0,0,0,NA,"VPCL_AR_DIFF_LMER_SE"
"NJ2020",7,1,"T0_T12","c_V3","Diff",2177.6149497189,26131.3793966268,2036.57394346406,NA,"LM_ALLPOINTS"
"NJ2020",7,1,"T0_T12","c_V3","Diff",2177.6149497189,26131.3793966268,1840.88931010537,NA,"LM_SR_AVG"
"NJ2020",7,1,"T0_T12","c_V3","Diff",2177.6149497189,26131.3793966268,1647.45790019333,NA,"LM_AR"
"NJ2020",7,1,"T0_T12","c_V3","Diff",2177.6149497189,26131.3793966268,1558.71560134973,0.394155905770081,"LM_AR_DIFF"
"NJ2020",7,1,"T0_T12","c_V3","Diff",2177.61494971888,26131.3793966266,1558.71560134973,0.394155905770076,"LM_AR_DIFF_LMER"
"NJ2020",7,1,"T0_T12","c_V3","Diff",2682.16737560972,16093.0042536583,NA,NA,"VPCL_SR_AVG"
"NJ2020",7,1,"T0_T12","c_V3","Diff",-868.06624052672,-5208.39744316029,NA,NA,"VPCL_AR"
"NJ2020",7,1,"T0_T12","c_V3","Diff",-3429.54616749066,-10288.638502472,2819.23344646492,NA,"VPCL_AR_SE"
"NJ2020",7,1,"T0_T12","c_V3","Diff",3533.1416524955,41946.7201192677,NA,NA,"VPCL_AR_DIFF"
"NJ2020",7,1,"T0_T12","c_V3","Diff",11872.6759429189,35618.0278287566,5835.73907414453,NA,"VPCL_AR_DIFF_SE"
"NJ2020",7,1,"T0_T12","c_V3","Diff",3533.14165249545,41946.7201192673,NA,NA,"VPCL_AR_DIFF_LMER"
"NJ2020",7,1,"T0_T12","c_V3","Diff",11872.6759429189,35618.0278287566,9261.49479166071,NA,"VPCL_AR_DIFF_LMER_SE"
